method,seed,nfe,temp,gen_ppl,entropy,num_unique,num_samples
duo,1,1,0.5,83.96842956542969,0.08731675148010254,233,512
duo,2,1,0.5,69.15953063964844,0.07657591253519058,204,512
duo,3,1,0.5,87.19207000732422,0.09105125069618225,247,512
duo,1,1,0.55,83.46659851074219,0.08708527684211731,232,512
duo,2,1,0.55,68.27708435058594,0.07637674361467361,202,512
duo,3,1,0.55,87.09101867675781,0.09104067832231522,247,512
duo,1,1,0.6,83.88662719726562,0.08722656965255737,233,512
duo,2,1,0.6,68.95848846435547,0.07639183849096298,204,512
duo,3,1,0.6,85.83406829833984,0.09052568674087524,245,512
duo,1,1,0.65,83.23472595214844,0.08693210780620575,233,512
duo,2,1,0.65,68.69092559814453,0.07627201080322266,202,512
duo,3,1,0.65,87.00090789794922,0.09071020781993866,247,512
duo,1,1,0.7,83.37630462646484,0.08711099624633789,234,512
duo,2,1,0.7,68.90484619140625,0.07617649435997009,203,512
duo,3,1,0.7,86.46463012695312,0.09060441702604294,244,512
duo,1,1,0.75,84.3150863647461,0.08671841770410538,233,512
duo,2,1,0.75,67.75159454345703,0.07607371360063553,199,512
duo,3,1,0.75,86.0486831665039,0.09037590771913528,244,512
duo,1,1,0.8,83.91780090332031,0.08667787164449692,232,512
duo,2,1,0.8,67.7344741821289,0.07608404755592346,199,512
duo,3,1,0.8,86.23326873779297,0.09046907722949982,246,512
duo,1,1,0.85,84.18512725830078,0.08726701885461807,233,512
duo,2,1,0.85,69.63179779052734,0.07649753242731094,204,512
duo,3,1,0.85,88.02379608154297,0.09097283333539963,248,512
duo,1,1,0.9,83.96842956542969,0.08731675148010254,233,512
duo,2,1,0.9,69.24635314941406,0.07661083340644836,204,512
duo,3,1,0.9,87.19207000732422,0.09105125069618225,247,512
duo,1,1,0.95,83.96842956542969,0.08731675148010254,233,512
duo,2,1,0.95,69.15953063964844,0.07657591253519058,204,512
duo,3,1,0.95,87.19207000732422,0.09105125069618225,247,512
duo,1,1,1.0,83.96842956542969,0.08731675148010254,233,512
duo,2,1,1.0,69.15953063964844,0.07657591253519058,204,512
duo,3,1,1.0,87.19207000732422,0.09105125069618225,247,512
duo,1,1,1.05,84.44741821289062,0.08718147873878479,233,512
duo,2,1,1.05,69.49009704589844,0.07653669267892838,204,512
duo,3,1,1.05,87.04837799072266,0.09098685532808304,247,512
duo,1,1,1.1,83.46659851074219,0.08708527684211731,232,512
duo,2,1,1.1,68.27708435058594,0.07637674361467361,202,512
duo,3,1,1.1,87.09101867675781,0.09104067832231522,247,512
duo,1,1,1.15,83.65774536132812,0.08729569613933563,232,512
duo,2,1,1.15,69.58399963378906,0.07653669267892838,204,512
duo,3,1,1.15,87.22164154052734,0.09091261029243469,247,512
duo,1,1,1.2,83.88662719726562,0.08722656965255737,233,512
duo,2,1,1.2,68.95848846435547,0.07639183849096298,204,512
duo,3,1,1.2,85.83406829833984,0.09052568674087524,245,512
duo,1,4,0.5,66.85595703125,3.7913901805877686,512,512
duo,2,4,0.5,64.73323822021484,3.7685954570770264,512,512
duo,3,4,0.5,65.44549560546875,3.885685682296753,512,512
duo,1,4,0.55,71.2812271118164,3.905484676361084,512,512
duo,2,4,0.55,74.09001159667969,3.9121978282928467,512,512
duo,3,4,0.55,69.55925750732422,3.9673449993133545,512,512
duo,1,4,0.6,74.51698303222656,3.996541738510132,512,512
duo,2,4,0.6,77.82106018066406,4.009521484375,512,512
duo,3,4,0.6,73.61446380615234,4.038700580596924,512,512
duo,1,4,0.65,81.26663970947266,4.0665788650512695,512,512
duo,2,4,0.65,84.5837173461914,4.081667900085449,512,512
duo,3,4,0.65,77.63282012939453,4.103348731994629,512,512
duo,1,4,0.7,87.14593505859375,4.1249494552612305,512,512
duo,2,4,0.7,90.68702697753906,4.135490417480469,512,512
duo,3,4,0.7,83.88123321533203,4.143558502197266,512,512
duo,1,4,0.75,92.85044860839844,4.169045448303223,512,512
duo,2,4,0.75,96.92143249511719,4.180089473724365,512,512
duo,3,4,0.75,91.61550903320312,4.190486907958984,512,512
duo,1,4,0.8,101.20270538330078,4.207334518432617,512,512
duo,2,4,0.8,105.85248565673828,4.218448638916016,512,512
duo,3,4,0.8,98.92252349853516,4.218254089355469,512,512
duo,1,4,0.85,110.65904998779297,4.232885837554932,512,512
duo,2,4,0.85,115.3233871459961,4.236804008483887,512,512
duo,3,4,0.85,106.19474792480469,4.232015132904053,512,512
duo,1,4,0.9,120.5907211303711,4.246452331542969,512,512
duo,2,4,0.9,125.41279602050781,4.24680757522583,512,512
duo,3,4,0.9,120.00772857666016,4.253408908843994,512,512
duo,1,4,0.95,132.64915466308594,4.251021385192871,512,512
duo,2,4,0.95,137.13804626464844,4.258167743682861,512,512
duo,3,4,0.95,129.42788696289062,4.261562824249268,512,512
duo,1,4,1.0,141.97341918945312,4.250473499298096,512,512
duo,2,4,1.0,147.08871459960938,4.250619888305664,512,512
duo,3,4,1.0,139.80018615722656,4.254295825958252,512,512
duo,1,4,1.05,153.19973754882812,4.241843223571777,512,512
duo,2,4,1.05,161.0232391357422,4.239096641540527,512,512
duo,3,4,1.05,152.2231903076172,4.251739501953125,512,512
duo,1,4,1.1,166.724853515625,4.2278337478637695,512,512
duo,2,4,1.1,171.45518493652344,4.224152088165283,512,512
duo,3,4,1.1,164.14620971679688,4.232438564300537,512,512
duo,1,4,1.15,179.7510223388672,4.203608989715576,512,512
duo,2,4,1.15,182.5725555419922,4.1967339515686035,512,512
duo,3,4,1.15,178.4888153076172,4.210367679595947,512,512
duo,1,4,1.2,194.29539489746094,4.174947261810303,512,512
duo,2,4,1.2,196.9669189453125,4.169633388519287,512,512
duo,3,4,1.2,190.43138122558594,4.187540054321289,512,512
duo,1,8,0.5,18.853717803955078,3.9909443855285645,512,512
duo,2,8,0.5,18.694564819335938,4.004711151123047,512,512
duo,3,8,0.5,17.72503089904785,4.013081073760986,512,512
duo,1,8,0.55,19.546125411987305,4.0518364906311035,512,512
duo,2,8,0.55,20.021976470947266,4.054958343505859,512,512
duo,3,8,0.55,18.8316707611084,4.075229644775391,512,512
duo,1,8,0.6,21.0118408203125,4.1026740074157715,512,512
duo,2,8,0.6,21.372941970825195,4.107882976531982,512,512
duo,3,8,0.6,19.99517059326172,4.117420673370361,512,512
duo,1,8,0.65,22.275474548339844,4.147325038909912,512,512
duo,2,8,0.65,23.21616554260254,4.159098148345947,512,512
duo,3,8,0.65,21.924495697021484,4.1647748947143555,512,512
duo,1,8,0.7,23.608842849731445,4.1939215660095215,512,512
duo,2,8,0.7,24.90436553955078,4.200448036193848,512,512
duo,3,8,0.7,23.745820999145508,4.205421447753906,512,512
duo,1,8,0.75,26.987041473388672,4.229586601257324,512,512
duo,2,8,0.75,27.559730529785156,4.228693962097168,512,512
duo,3,8,0.75,25.85393714904785,4.2348222732543945,512,512
duo,1,8,0.8,29.14938735961914,4.259499549865723,512,512
duo,2,8,0.8,29.68761444091797,4.264249801635742,512,512
duo,3,8,0.8,28.327699661254883,4.264823913574219,512,512
duo,1,8,0.85,32.377159118652344,4.281927108764648,512,512
duo,2,8,0.85,33.49895477294922,4.2875518798828125,512,512
duo,3,8,0.85,31.982099533081055,4.293547630310059,512,512
duo,1,8,0.9,36.34884262084961,4.309127330780029,512,512
duo,2,8,0.9,37.45410919189453,4.3087592124938965,512,512
duo,3,8,0.9,36.193458557128906,4.31886625289917,512,512
duo,1,8,0.95,41.68497085571289,4.330545902252197,512,512
duo,2,8,0.95,42.3863410949707,4.338146209716797,512,512
duo,3,8,0.95,40.6872673034668,4.339568614959717,512,512
duo,1,8,1.0,46.528953552246094,4.346850872039795,512,512
duo,2,8,1.0,47.335350036621094,4.349579334259033,512,512
duo,3,8,1.0,44.894737243652344,4.350706577301025,512,512
duo,1,8,1.05,53.818084716796875,4.361949443817139,512,512
duo,2,8,1.05,54.60358810424805,4.364080905914307,512,512
duo,3,8,1.05,52.712059020996094,4.368431091308594,512,512
duo,1,8,1.1,60.79030990600586,4.368185520172119,512,512
duo,2,8,1.1,63.913204193115234,4.3649821281433105,512,512
duo,3,8,1.1,60.459774017333984,4.368953704833984,512,512
duo,1,8,1.15,71.00431823730469,4.372678279876709,512,512
duo,2,8,1.15,75.2012939453125,4.361412048339844,512,512
duo,3,8,1.15,67.59589385986328,4.371960163116455,512,512
duo,1,8,1.2,83.47651672363281,4.359098434448242,512,512
duo,2,8,1.2,85.52275848388672,4.3711371421813965,512,512
duo,3,8,1.2,80.4216079711914,4.360111236572266,512,512
duo,1,16,0.5,12.34853458404541,4.048008918762207,512,512
duo,2,16,0.5,12.520774841308594,4.0542683601379395,512,512
duo,3,16,0.5,12.274928092956543,4.061588287353516,512,512
duo,1,16,0.55,13.011255264282227,4.090700626373291,512,512
duo,2,16,0.55,13.172780990600586,4.094775199890137,512,512
duo,3,16,0.55,12.63805103302002,4.1038737297058105,512,512
duo,1,16,0.6,13.671019554138184,4.136247158050537,512,512
duo,2,16,0.6,13.76845645904541,4.1395673751831055,512,512
duo,3,16,0.6,13.566991806030273,4.133814334869385,512,512
duo,1,16,0.65,14.522989273071289,4.17106819152832,512,512
duo,2,16,0.65,14.818302154541016,4.170361042022705,512,512
duo,3,16,0.65,14.151424407958984,4.174179553985596,512,512
duo,1,16,0.7,15.371331214904785,4.202911376953125,512,512
duo,2,16,0.7,15.60421371459961,4.198908805847168,512,512
duo,3,16,0.7,15.095864295959473,4.206394195556641,512,512
duo,1,16,0.75,16.70989418029785,4.2343854904174805,512,512
duo,2,16,0.75,17.096649169921875,4.2409491539001465,512,512
duo,3,16,0.75,16.24235725402832,4.237082004547119,512,512
duo,1,16,0.8,18.071664810180664,4.265705108642578,512,512
duo,2,16,0.8,18.337732315063477,4.267452239990234,512,512
duo,3,16,0.8,17.836280822753906,4.266665458679199,512,512
duo,1,16,0.85,19.781391143798828,4.287275791168213,512,512
duo,2,16,0.85,20.07299041748047,4.284806728363037,512,512
duo,3,16,0.85,19.522951126098633,4.2875471115112305,512,512
duo,1,16,0.9,21.765851974487305,4.304476737976074,512,512
duo,2,16,0.9,22.873083114624023,4.314862251281738,512,512
duo,3,16,0.9,21.279787063598633,4.309372901916504,512,512
duo,1,16,0.95,24.80367660522461,4.333502292633057,512,512
duo,2,16,0.95,25.257572174072266,4.338307857513428,512,512
duo,3,16,0.95,23.979015350341797,4.336277961730957,512,512
duo,1,16,1.0,27.3704776763916,4.351864814758301,512,512
duo,2,16,1.0,28.40055274963379,4.350314617156982,512,512
duo,3,16,1.0,27.346927642822266,4.346713066101074,512,512
duo,1,16,1.05,31.13724708557129,4.373419761657715,512,512
duo,2,16,1.05,32.37037658691406,4.367964267730713,512,512
duo,3,16,1.05,31.16262435913086,4.366451263427734,512,512
duo,1,16,1.1,36.393367767333984,4.3809943199157715,512,512
duo,2,16,1.1,37.231929779052734,4.386876583099365,512,512
duo,3,16,1.1,35.475521087646484,4.387940406799316,512,512
duo,1,16,1.15,42.02641677856445,4.397972583770752,512,512
duo,2,16,1.15,44.151145935058594,4.397336959838867,512,512
duo,3,16,1.15,41.636104583740234,4.3934326171875,512,512
duo,1,16,1.2,50.85894012451172,4.40612268447876,512,512
duo,2,16,1.2,51.623146057128906,4.408822059631348,512,512
duo,3,16,1.2,48.5384635925293,4.403641700744629,512,512
duo,1,32,0.5,10.621501922607422,4.068530559539795,512,512
duo,2,32,0.5,10.721712112426758,4.08756160736084,512,512
duo,3,32,0.5,10.445959091186523,4.081330299377441,512,512
duo,1,32,0.55,11.220230102539062,4.112976551055908,512,512
duo,2,32,0.55,11.184967994689941,4.112656593322754,512,512
duo,3,32,0.55,10.979990005493164,4.113816261291504,512,512
duo,1,32,0.6,11.617191314697266,4.149789333343506,512,512
duo,2,32,0.6,11.757633209228516,4.149852752685547,512,512
duo,3,32,0.6,11.558356285095215,4.153386116027832,512,512
duo,1,32,0.65,12.25750732421875,4.185060024261475,512,512
duo,2,32,0.65,12.336149215698242,4.184535503387451,512,512
duo,3,32,0.65,12.085326194763184,4.18803071975708,512,512
duo,1,32,0.7,12.901104927062988,4.216335773468018,512,512
duo,2,32,0.7,13.009474754333496,4.213040828704834,512,512
duo,3,32,0.7,12.607603073120117,4.215319633483887,512,512
duo,1,32,0.75,13.780633926391602,4.240061283111572,512,512
duo,2,32,0.75,13.765726089477539,4.234664440155029,512,512
duo,3,32,0.75,13.498408317565918,4.250392913818359,512,512
duo,1,32,0.8,14.656466484069824,4.26181173324585,512,512
duo,2,32,0.8,15.010772705078125,4.262627124786377,512,512
duo,3,32,0.8,14.817509651184082,4.269448280334473,512,512
duo,1,32,0.85,16.128976821899414,4.285379409790039,512,512
duo,2,32,0.85,16.10193634033203,4.2861833572387695,512,512
duo,3,32,0.85,15.916122436523438,4.293236255645752,512,512
duo,1,32,0.9,17.432220458984375,4.315196514129639,512,512
duo,2,32,0.9,17.727558135986328,4.314624309539795,512,512
duo,3,32,0.9,17.327184677124023,4.321411609649658,512,512
duo,1,32,0.95,19.482027053833008,4.335034370422363,512,512
duo,2,32,0.95,19.57432746887207,4.3316874504089355,512,512
duo,3,32,0.95,18.515247344970703,4.330211162567139,512,512
duo,1,32,1.0,21.518781661987305,4.350860118865967,512,512
duo,2,32,1.0,21.910825729370117,4.355916976928711,512,512
duo,3,32,1.0,21.04364776611328,4.356063365936279,512,512
duo,1,32,1.05,24.017520904541016,4.375790119171143,512,512
duo,2,32,1.05,24.735626220703125,4.372636318206787,512,512
duo,3,32,1.05,24.092784881591797,4.3743510246276855,512,512
duo,1,32,1.1,27.594736099243164,4.389225959777832,512,512
duo,2,32,1.1,28.19675064086914,4.378822326660156,512,512
duo,3,32,1.1,27.241046905517578,4.388176441192627,512,512
duo,1,32,1.15,32.69685745239258,4.41414737701416,512,512
duo,2,32,1.15,32.80082702636719,4.405191421508789,512,512
duo,3,32,1.15,31.68634796142578,4.405229568481445,512,512
duo,1,32,1.2,37.75422286987305,4.41546106338501,512,512
duo,2,32,1.2,38.81291961669922,4.415722370147705,512,512
duo,3,32,1.2,37.6082878112793,4.413371562957764,512,512
duo,1,64,0.5,10.086188316345215,4.086164951324463,512,512
duo,2,64,0.5,10.091032028198242,4.084028720855713,512,512
duo,3,64,0.5,9.914799690246582,4.09184455871582,512,512
duo,1,64,0.55,10.391172409057617,4.124550819396973,512,512
duo,2,64,0.55,10.483616828918457,4.130867004394531,512,512
duo,3,64,0.55,10.230063438415527,4.127337455749512,512,512
duo,1,64,0.6,10.839194297790527,4.152968406677246,512,512
duo,2,64,0.6,10.950302124023438,4.1612043380737305,512,512
duo,3,64,0.6,10.687821388244629,4.158787250518799,512,512
duo,1,64,0.65,11.368829727172852,4.18211030960083,512,512
duo,2,64,0.65,11.51074504852295,4.193730354309082,512,512
duo,3,64,0.65,11.168636322021484,4.187450885772705,512,512
duo,1,64,0.7,11.934271812438965,4.2144365310668945,512,512
duo,2,64,0.7,12.098163604736328,4.213709831237793,512,512
duo,3,64,0.7,11.683499336242676,4.214656829833984,512,512
duo,1,64,0.75,12.824395179748535,4.237208843231201,512,512
duo,2,64,0.75,12.685431480407715,4.236914157867432,512,512
duo,3,64,0.75,12.554376602172852,4.244576930999756,512,512
duo,1,64,0.8,13.647900581359863,4.259214878082275,512,512
duo,2,64,0.8,13.579853057861328,4.2566986083984375,512,512
duo,3,64,0.8,13.271995544433594,4.259130477905273,512,512
duo,1,64,0.85,14.753392219543457,4.284477233886719,512,512
duo,2,64,0.85,14.774462699890137,4.284549713134766,512,512
duo,3,64,0.85,14.268830299377441,4.284235954284668,512,512
duo,1,64,0.9,16.107450485229492,4.309462070465088,512,512
duo,2,64,0.9,16.57465362548828,4.306694507598877,512,512
duo,3,64,0.9,15.895389556884766,4.308114528656006,512,512
duo,1,64,0.95,17.483854293823242,4.325711727142334,512,512
duo,2,64,0.95,17.901731491088867,4.316713333129883,512,512
duo,3,64,0.95,17.17516326904297,4.331597328186035,512,512
duo,1,64,1.0,19.33340072631836,4.348955154418945,512,512
duo,2,64,1.0,19.92123031616211,4.342879295349121,512,512
duo,3,64,1.0,19.36994171142578,4.357285499572754,512,512
duo,1,64,1.05,21.721040725708008,4.364833354949951,512,512
duo,2,64,1.05,22.519779205322266,4.363555908203125,512,512
duo,3,64,1.05,21.374420166015625,4.367536544799805,512,512
duo,1,64,1.1,24.153409957885742,4.378715515136719,512,512
duo,2,64,1.1,24.97297477722168,4.377396583557129,512,512
duo,3,64,1.1,24.314136505126953,4.3853654861450195,512,512
duo,1,64,1.15,28.208045959472656,4.394759178161621,512,512
duo,2,64,1.15,29.161447525024414,4.3965840339660645,512,512
duo,3,64,1.15,27.665210723876953,4.398263454437256,512,512
duo,1,64,1.2,33.22610092163086,4.41057014465332,512,512
duo,2,64,1.2,34.873268127441406,4.408287048339844,512,512
duo,3,64,1.2,32.276817321777344,4.412788391113281,512,512
duo,1,128,0.5,9.775053024291992,4.100915908813477,512,512
duo,2,128,0.5,9.744688987731934,4.104757785797119,512,512
duo,3,128,0.5,9.765691757202148,4.110752582550049,512,512
duo,1,128,0.55,10.177607536315918,4.131537914276123,512,512
duo,2,128,0.55,10.164297103881836,4.1320343017578125,512,512
duo,3,128,0.55,9.967874526977539,4.140474319458008,512,512
duo,1,128,0.6,10.395209312438965,4.155900478363037,512,512
duo,2,128,0.6,10.396627426147461,4.164438724517822,512,512
duo,3,128,0.6,10.349230766296387,4.175551414489746,512,512
duo,1,128,0.65,11.028298377990723,4.198137283325195,512,512
duo,2,128,0.65,11.080398559570312,4.1956562995910645,512,512
duo,3,128,0.65,10.716833114624023,4.1975483894348145,512,512
duo,1,128,0.7,11.547796249389648,4.219764232635498,512,512
duo,2,128,0.7,11.704510688781738,4.217887878417969,512,512
duo,3,128,0.7,11.455633163452148,4.2210307121276855,512,512
duo,1,128,0.75,12.234281539916992,4.245412826538086,512,512
duo,2,128,0.75,12.346755981445312,4.238135814666748,512,512
duo,3,128,0.75,12.164682388305664,4.248762130737305,512,512
duo,1,128,0.8,13.303184509277344,4.269668102264404,512,512
duo,2,128,0.8,13.126479148864746,4.2605414390563965,512,512
duo,3,128,0.8,12.75891399383545,4.265957355499268,512,512
duo,1,128,0.85,14.215214729309082,4.287272930145264,512,512
duo,2,128,0.85,14.264640808105469,4.2877888679504395,512,512
duo,3,128,0.85,13.75711727142334,4.2865729331970215,512,512
duo,1,128,0.9,15.232460975646973,4.30830717086792,512,512
duo,2,128,0.9,15.707913398742676,4.309607028961182,512,512
duo,3,128,0.9,14.896241188049316,4.3154706954956055,512,512
duo,1,128,0.95,16.725976943969727,4.330109119415283,512,512
duo,2,128,0.95,16.79644775390625,4.3243608474731445,512,512
duo,3,128,0.95,16.18661117553711,4.322691440582275,512,512
duo,1,128,1.0,18.142393112182617,4.340269565582275,512,512
duo,2,128,1.0,18.826627731323242,4.342564582824707,512,512
duo,3,128,1.0,17.95319938659668,4.348162651062012,512,512
duo,1,128,1.05,20.55430793762207,4.362076759338379,512,512
duo,2,128,1.05,20.725017547607422,4.357940673828125,512,512
duo,3,128,1.05,20.082855224609375,4.360487937927246,512,512
duo,1,128,1.1,23.697250366210938,4.370697975158691,512,512
duo,2,128,1.1,23.877944946289062,4.3763227462768555,512,512
duo,3,128,1.1,23.203826904296875,4.383674621582031,512,512
duo,1,128,1.15,26.763347625732422,4.398745536804199,512,512
duo,2,128,1.15,27.644248962402344,4.392154216766357,512,512
duo,3,128,1.15,26.372127532958984,4.398317813873291,512,512
duo,1,128,1.2,31.659055709838867,4.412039756774902,512,512
duo,2,128,1.2,32.64666748046875,4.4068217277526855,512,512
duo,3,128,1.2,30.280166625976562,4.406130790710449,512,512
duo,1,256,0.5,9.723129272460938,4.0988078117370605,512,512
duo,2,256,0.5,9.69287109375,4.103428840637207,512,512
duo,3,256,0.5,9.576225280761719,4.092832565307617,512,512
duo,1,256,0.55,10.044885635375977,4.136568069458008,512,512
duo,2,256,0.55,10.007312774658203,4.134699821472168,512,512
duo,3,256,0.55,9.861115455627441,4.123728275299072,512,512
duo,1,256,0.6,10.415641784667969,4.1537299156188965,512,512
duo,2,256,0.6,10.53777027130127,4.159229755401611,512,512
duo,3,256,0.6,10.281181335449219,4.157011032104492,512,512
duo,1,256,0.65,10.897233963012695,4.194092273712158,512,512
duo,2,256,0.65,11.00161075592041,4.192429542541504,512,512
duo,3,256,0.65,10.688310623168945,4.188054084777832,512,512
duo,1,256,0.7,11.48350715637207,4.220120906829834,512,512
duo,2,256,0.7,11.423839569091797,4.212197780609131,512,512
duo,3,256,0.7,11.36984634399414,4.217749118804932,512,512
duo,1,256,0.75,11.980439186096191,4.241281509399414,512,512
duo,2,256,0.75,12.033653259277344,4.24467658996582,512,512
duo,3,256,0.75,11.855751991271973,4.240589141845703,512,512
duo,1,256,0.8,12.93929672241211,4.262122631072998,512,512
duo,2,256,0.8,13.09161376953125,4.26379919052124,512,512
duo,3,256,0.8,12.55109977722168,4.253839015960693,512,512
duo,1,256,0.85,13.829080581665039,4.2786970138549805,512,512
duo,2,256,0.85,13.8128023147583,4.279284954071045,512,512
duo,3,256,0.85,13.52137279510498,4.2854485511779785,512,512
duo,1,256,0.9,14.862104415893555,4.289392948150635,512,512
duo,2,256,0.9,15.165660858154297,4.2972869873046875,512,512
duo,3,256,0.9,14.757567405700684,4.301560401916504,512,512
duo,1,256,0.95,16.399995803833008,4.3194966316223145,512,512
duo,2,256,0.95,16.2584228515625,4.313729763031006,512,512
duo,3,256,0.95,16.249557495117188,4.32578706741333,512,512
duo,1,256,1.0,18.155874252319336,4.3397417068481445,512,512
duo,2,256,1.0,18.610027313232422,4.34511661529541,512,512
duo,3,256,1.0,17.48857307434082,4.34346866607666,512,512
duo,1,256,1.05,20.017250061035156,4.35785436630249,512,512
duo,2,256,1.05,20.463531494140625,4.362086772918701,512,512
duo,3,256,1.05,19.894943237304688,4.362895488739014,512,512
duo,1,256,1.1,22.547908782958984,4.378396511077881,512,512
duo,2,256,1.1,23.586410522460938,4.376379489898682,512,512
duo,3,256,1.1,22.67243194580078,4.381919860839844,512,512
duo,1,256,1.15,26.129928588867188,4.3935136795043945,512,512
duo,2,256,1.15,26.926088333129883,4.39565372467041,512,512
duo,3,256,1.15,25.571304321289062,4.40507173538208,512,512
duo,1,256,1.2,30.80591583251953,4.408716201782227,512,512
duo,2,256,1.2,31.2597713470459,4.402904987335205,512,512
duo,3,256,1.2,29.89397430419922,4.416247367858887,512,512
flm,1,1,0.5,49.38782501220703,1.3803837299346924,512,512
flm,2,1,0.5,50.01268768310547,1.5376397371292114,512,512
flm,3,1,0.5,49.21628189086914,1.5966733694076538,512,512
flm,1,1,0.55,49.581302642822266,1.377943515777588,512,512
flm,2,1,0.55,50.1930046081543,1.5356390476226807,512,512
flm,3,1,0.55,49.27810287475586,1.5944832563400269,512,512
flm,1,1,0.6,49.68361282348633,1.3755649328231812,512,512
flm,2,1,0.6,50.080196380615234,1.5336955785751343,512,512
flm,3,1,0.6,49.30750274658203,1.5930893421173096,512,512
flm,1,1,0.65,49.826786041259766,1.3740726709365845,512,512
flm,2,1,0.65,50.189483642578125,1.5326539278030396,512,512
flm,3,1,0.65,49.43579864501953,1.592026948928833,512,512
flm,1,1,0.7,49.887821197509766,1.372395634651184,512,512
flm,2,1,0.7,50.45328903198242,1.531162977218628,512,512
flm,3,1,0.7,49.595481872558594,1.5902823209762573,512,512
flm,1,1,0.75,49.55952072143555,1.3703540563583374,512,512
flm,2,1,0.75,50.387290954589844,1.5302860736846924,512,512
flm,3,1,0.75,49.27627944946289,1.5892772674560547,512,512
flm,1,1,0.8,50.03311538696289,1.3694430589675903,512,512
flm,2,1,0.8,50.26581573486328,1.5296796560287476,512,512
flm,3,1,0.8,49.4923210144043,1.5880463123321533,512,512
flm,1,1,0.85,49.89015579223633,1.3689675331115723,512,512
flm,2,1,0.85,50.50513458251953,1.5285876989364624,512,512
flm,3,1,0.85,49.65998840332031,1.5871593952178955,512,512
flm,1,1,0.9,49.564815521240234,1.3700178861618042,512,512
flm,2,1,0.9,50.21807861328125,1.53043794631958,512,512
flm,3,1,0.9,49.36210632324219,1.587821125984192,512,512
flm,1,1,0.95,49.45356369018555,1.3773038387298584,512,512
flm,2,1,0.95,50.01943588256836,1.5352593660354614,512,512
flm,3,1,0.95,49.459598541259766,1.5914510488510132,512,512
flm,1,1,1.0,49.38782501220703,1.3803837299346924,512,512
flm,2,1,1.0,50.01268768310547,1.5376397371292114,512,512
flm,3,1,1.0,49.21628189086914,1.5966733694076538,512,512
flm,1,1,1.05,49.32089614868164,1.3789794445037842,512,512
flm,2,1,1.05,50.07987594604492,1.5365554094314575,512,512
flm,3,1,1.05,49.188316345214844,1.5953733921051025,512,512
flm,1,1,1.1,49.581302642822266,1.377943515777588,512,512
flm,2,1,1.1,50.1930046081543,1.5356390476226807,512,512
flm,3,1,1.1,49.27810287475586,1.5944832563400269,512,512
flm,1,1,1.15,49.42990493774414,1.3766332864761353,512,512
flm,2,1,1.15,50.11011505126953,1.534778118133545,512,512
flm,3,1,1.15,49.26703643798828,1.594161868095398,512,512
flm,1,1,1.2,49.68361282348633,1.3755649328231812,512,512
flm,2,1,1.2,50.080196380615234,1.5336955785751343,512,512
flm,3,1,1.2,49.30750274658203,1.5930893421173096,512,512
flm,1,4,0.5,97.93489837646484,3.7556848526000977,512,512
flm,2,4,0.5,83.8851547241211,3.790123701095581,512,512
flm,3,4,0.5,80.30048370361328,3.767803192138672,512,512
flm,1,4,0.55,110.59036254882812,3.922489643096924,512,512
flm,2,4,0.55,94.42481231689453,3.9571681022644043,512,512
flm,3,4,0.55,88.7680435180664,3.919297695159912,512,512
flm,1,4,0.6,125.7519760131836,4.076414108276367,512,512
flm,2,4,0.6,106.80429077148438,4.114902019500732,512,512
flm,3,4,0.6,100.17496490478516,4.072447299957275,512,512
flm,1,4,0.65,146.97886657714844,4.217906951904297,512,512
flm,2,4,0.65,120.85124969482422,4.255791187286377,512,512
flm,3,4,0.65,115.91693878173828,4.226062774658203,512,512
flm,1,4,0.7,173.2950897216797,4.3271074295043945,512,512
flm,2,4,0.7,140.92474365234375,4.3941969871521,512,512
flm,3,4,0.7,132.5426025390625,4.366065502166748,512,512
flm,1,4,0.75,210.5084686279297,4.435337066650391,512,512
flm,2,4,0.75,164.85964965820312,4.5108747482299805,512,512
flm,3,4,0.75,155.48226928710938,4.48256254196167,512,512
flm,1,4,0.8,248.89419555664062,4.492846488952637,512,512
flm,2,4,0.8,195.74766540527344,4.607168674468994,512,512
flm,3,4,0.8,182.6285400390625,4.585171222686768,512,512
flm,1,4,0.85,263.8921813964844,4.406318187713623,512,512
flm,2,4,0.85,231.1829071044922,4.6824517250061035,512,512
flm,3,4,0.85,217.69557189941406,4.673797130584717,512,512
flm,1,4,0.9,197.9904022216797,4.028621196746826,512,512
flm,2,4,0.9,279.38702392578125,4.732895374298096,512,512
flm,3,4,0.9,261.93658447265625,4.737878799438477,512,512
flm,1,4,0.95,93.82376098632812,3.336083173751831,512,512
flm,2,4,0.95,328.4156494140625,4.739808082580566,512,512
flm,3,4,0.95,315.2274475097656,4.77366304397583,512,512
flm,1,4,1.0,32.898765563964844,2.4493093490600586,512,512
flm,2,4,1.0,368.8021240234375,4.682780742645264,512,512
flm,3,4,1.0,370.08282470703125,4.760228633880615,512,512
flm,1,4,1.05,11.354789733886719,1.6155203580856323,511,512
flm,2,4,1.05,370.9177551269531,4.512448787689209,512,512
flm,3,4,1.05,377.2530822753906,4.6164350509643555,512,512
flm,1,4,1.1,5.018157482147217,0.9982177019119263,506,512
flm,2,4,1.1,296.2759704589844,4.166446685791016,512,512
flm,3,4,1.1,288.78399658203125,4.250349044799805,512,512
flm,1,4,1.15,2.864665985107422,0.6057319045066833,496,512
flm,2,4,1.15,175.15626525878906,3.630777597427368,512,512
flm,3,4,1.15,153.42855834960938,3.642320156097412,512,512
flm,1,4,1.2,2.053004264831543,0.38325780630111694,481,512
flm,2,4,1.2,86.62940979003906,3.015338659286499,512,512
flm,3,4,1.2,63.107418060302734,2.8823676109313965,512,512
flm,1,8,0.5,73.23902130126953,3.9549431800842285,512,512
flm,2,8,0.5,68.18462371826172,3.99092435836792,512,512
flm,3,8,0.5,65.92253875732422,3.970667600631714,512,512
flm,1,8,0.55,78.74439239501953,4.089559555053711,512,512
flm,2,8,0.55,72.46757507324219,4.120542526245117,512,512
flm,3,8,0.55,70.8228988647461,4.099798202514648,512,512
flm,1,8,0.6,86.91275024414062,4.223985195159912,512,512
flm,2,8,0.6,78.1361083984375,4.238177299499512,512,512
flm,3,8,0.6,75.76223754882812,4.21562385559082,512,512
flm,1,8,0.65,95.10379028320312,4.344788551330566,512,512
flm,2,8,0.65,84.65476989746094,4.3509745597839355,512,512
flm,3,8,0.65,82.15364837646484,4.325849533081055,512,512
flm,1,8,0.7,107.15534973144531,4.454692363739014,512,512
flm,2,8,0.7,92.12257385253906,4.446573257446289,512,512
flm,3,8,0.7,90.41393280029297,4.42103385925293,512,512
flm,1,8,0.75,123.16321563720703,4.548427104949951,512,512
flm,2,8,0.75,102.51187896728516,4.531225204467773,512,512
flm,3,8,0.75,99.0038833618164,4.509028911590576,512,512
flm,1,8,0.8,141.97584533691406,4.6323347091674805,512,512
flm,2,8,0.8,113.370361328125,4.602884769439697,512,512
flm,3,8,0.8,111.517333984375,4.587124347686768,512,512
flm,1,8,0.85,172.28497314453125,4.69675874710083,512,512
flm,2,8,0.85,129.1637725830078,4.670161724090576,512,512
flm,3,8,0.85,124.74362182617188,4.65186071395874,512,512
flm,1,8,0.9,208.4431610107422,4.740374565124512,512,512
flm,2,8,0.9,150.50086975097656,4.731569766998291,512,512
flm,3,8,0.9,144.07481384277344,4.715112686157227,512,512
flm,1,8,0.95,252.30079650878906,4.744783878326416,512,512
flm,2,8,0.95,179.2889404296875,4.784949779510498,512,512
flm,3,8,0.95,168.12066650390625,4.768576145172119,512,512
flm,1,8,1.0,275.6584167480469,4.611712455749512,512,512
flm,2,8,1.0,215.24380493164062,4.824557304382324,512,512
flm,3,8,1.0,200.24085998535156,4.814658164978027,512,512
flm,1,8,1.05,206.52410888671875,4.1959428787231445,512,512
flm,2,8,1.05,263.682861328125,4.84177303314209,512,512
flm,3,8,1.05,246.96482849121094,4.851567268371582,512,512
flm,1,8,1.1,96.3730239868164,3.4372379779815674,512,512
flm,2,8,1.1,319.7149353027344,4.814661026000977,512,512
flm,3,8,1.1,304.95880126953125,4.847746849060059,512,512
flm,1,8,1.15,32.6192512512207,2.4887988567352295,512,512
flm,2,8,1.15,356.3373107910156,4.694221496582031,512,512
flm,3,8,1.15,345.2656555175781,4.760653972625732,512,512
flm,1,8,1.2,12.256649017333984,1.6835134029388428,512,512
flm,2,8,1.2,329.08551025390625,4.424075126647949,512,512
flm,3,8,1.2,305.1653747558594,4.470941066741943,512,512
flm,1,16,0.5,58.126609802246094,4.084577560424805,512,512
flm,2,16,0.5,55.194419860839844,4.107936382293701,512,512
flm,3,16,0.5,55.46061706542969,4.120864391326904,512,512
flm,1,16,0.55,60.30268859863281,4.194459915161133,512,512
flm,2,16,0.55,57.72050857543945,4.202207565307617,512,512
flm,3,16,0.55,56.72538757324219,4.20292329788208,512,512
flm,1,16,0.6,63.7536506652832,4.285408020019531,512,512
flm,2,16,0.6,59.17937469482422,4.286101818084717,512,512
flm,3,16,0.6,59.17384338378906,4.2789387702941895,512,512
flm,1,16,0.65,67.75418090820312,4.373252868652344,512,512
flm,2,16,0.65,62.96272277832031,4.363503456115723,512,512
flm,3,16,0.65,61.96263885498047,4.355871677398682,512,512
flm,1,16,0.7,72.74832916259766,4.447929382324219,512,512
flm,2,16,0.7,66.86858367919922,4.43628454208374,512,512
flm,3,16,0.7,65.63970184326172,4.420029640197754,512,512
flm,1,16,0.75,80.62821960449219,4.520395755767822,512,512
flm,2,16,0.75,72.29717254638672,4.501975059509277,512,512
flm,3,16,0.75,69.95250701904297,4.485383033752441,512,512
flm,1,16,0.8,90.27461242675781,4.5863728523254395,512,512
flm,2,16,0.8,78.4150390625,4.560844898223877,512,512
flm,3,16,0.8,77.13592529296875,4.545068740844727,512,512
flm,1,16,0.85,101.8848876953125,4.647315502166748,512,512
flm,2,16,0.85,87.13899993896484,4.615781784057617,512,512
flm,3,16,0.85,84.37569427490234,4.601247310638428,512,512
flm,1,16,0.9,120.3729248046875,4.703491687774658,512,512
flm,2,16,0.9,97.29167938232422,4.667976379394531,512,512
flm,3,16,0.9,93.04338073730469,4.6528778076171875,512,512
flm,1,16,0.95,146.4813232421875,4.749380588531494,512,512
flm,2,16,0.95,111.11175537109375,4.719836711883545,512,512
flm,3,16,0.95,105.20205688476562,4.700904369354248,512,512
flm,1,16,1.0,179.24166870117188,4.7828369140625,512,512
flm,2,16,1.0,131.79617309570312,4.766687870025635,512,512
flm,3,16,1.0,121.38668060302734,4.752532482147217,512,512
flm,1,16,1.05,226.09422302246094,4.765673637390137,512,512
flm,2,16,1.05,159.46661376953125,4.813086986541748,512,512
flm,3,16,1.05,143.50181579589844,4.796924114227295,512,512
flm,1,16,1.1,252.81936645507812,4.638367652893066,512,512
flm,2,16,1.1,196.5380859375,4.847264289855957,512,512
flm,3,16,1.1,176.015625,4.837060451507568,512,512
flm,1,16,1.15,196.36280822753906,4.238026142120361,512,512
flm,2,16,1.15,247.11737060546875,4.849545955657959,512,512
flm,3,16,1.15,220.3253631591797,4.868092060089111,512,512
flm,1,16,1.2,98.37513732910156,3.4975969791412354,512,512
flm,2,16,1.2,306.6361083984375,4.806275367736816,512,512
flm,3,16,1.2,277.25299072265625,4.850612640380859,512,512
flm,1,32,0.5,46.07337951660156,4.16025972366333,512,512
flm,2,32,0.5,44.329856872558594,4.1702775955200195,512,512
flm,3,32,0.5,44.570945739746094,4.177794456481934,512,512
flm,1,32,0.55,47.560028076171875,4.234811782836914,512,512
flm,2,32,0.55,45.09571075439453,4.233201503753662,512,512
flm,3,32,0.55,44.985652923583984,4.233023643493652,512,512
flm,1,32,0.6,49.34466552734375,4.300422668457031,512,512
flm,2,32,0.6,46.877685546875,4.292830467224121,512,512
flm,3,32,0.6,46.312538146972656,4.289107322692871,512,512
flm,1,32,0.65,50.96908950805664,4.361599445343018,512,512
flm,2,32,0.65,48.425296783447266,4.346556186676025,512,512
flm,3,32,0.65,47.681610107421875,4.340213775634766,512,512
flm,1,32,0.7,54.91591262817383,4.42432975769043,512,512
flm,2,32,0.7,51.31389617919922,4.403924942016602,512,512
flm,3,32,0.7,50.23979568481445,4.3887128829956055,512,512
flm,1,32,0.75,58.713436126708984,4.479672908782959,512,512
flm,2,32,0.75,54.862648010253906,4.458348751068115,512,512
flm,3,32,0.75,53.00928497314453,4.443140983581543,512,512
flm,1,32,0.8,64.74758911132812,4.534226894378662,512,512
flm,2,32,0.8,58.4669075012207,4.508878707885742,512,512
flm,3,32,0.8,57.33589553833008,4.495330333709717,512,512
flm,1,32,0.85,71.57618713378906,4.586050033569336,512,512
flm,2,32,0.85,63.590362548828125,4.555581569671631,512,512
flm,3,32,0.85,61.98728561401367,4.5433220863342285,512,512
flm,1,32,0.9,81.96582794189453,4.638998985290527,512,512
flm,2,32,0.9,70.42085266113281,4.601264476776123,512,512
flm,3,32,0.9,67.36090850830078,4.58923864364624,512,512
flm,1,32,0.95,95.31935119628906,4.686999797821045,512,512
flm,2,32,0.95,78.37926483154297,4.649736404418945,512,512
flm,3,32,0.95,75.15007019042969,4.635569095611572,512,512
flm,1,32,1.0,114.37373352050781,4.733307838439941,512,512
flm,2,32,1.0,89.87854766845703,4.696394443511963,512,512
flm,3,32,1.0,85.33895111083984,4.677591323852539,512,512
flm,1,32,1.05,144.57374572753906,4.76908016204834,512,512
flm,2,32,1.05,104.26079559326172,4.739124774932861,512,512
flm,3,32,1.05,97.29743194580078,4.726284027099609,512,512
flm,1,32,1.1,187.67713928222656,4.78455924987793,512,512
flm,2,32,1.1,128.25018310546875,4.7851948738098145,512,512
flm,3,32,1.1,117.29541778564453,4.770322322845459,512,512
flm,1,32,1.15,223.63475036621094,4.712574005126953,512,512
flm,2,32,1.15,161.25274658203125,4.827359199523926,512,512
flm,3,32,1.15,144.1328582763672,4.813604354858398,512,512
flm,1,32,1.2,214.3929901123047,4.449174880981445,512,512
flm,2,32,1.2,207.99993896484375,4.844242095947266,512,512
flm,3,32,1.2,183.16079711914062,4.844454765319824,512,512
flm,1,64,0.5,37.151363372802734,4.183189868927002,512,512
flm,2,64,0.5,36.06963348388672,4.178898811340332,512,512
flm,3,64,0.5,35.99018478393555,4.185884475708008,512,512
flm,1,64,0.55,37.96684265136719,4.235436916351318,512,512
flm,2,64,0.55,36.58104705810547,4.227674961090088,512,512
flm,3,64,0.55,36.421112060546875,4.2285284996032715,512,512
flm,1,64,0.6,39.205406188964844,4.287441253662109,512,512
flm,2,64,0.6,37.81788635253906,4.274227142333984,512,512
flm,3,64,0.6,36.981971740722656,4.268599510192871,512,512
flm,1,64,0.65,40.91847610473633,4.334683895111084,512,512
flm,2,64,0.65,39.24060821533203,4.318654537200928,512,512
flm,3,64,0.65,38.65821838378906,4.309861660003662,512,512
flm,1,64,0.7,42.959537506103516,4.3822526931762695,512,512
flm,2,64,0.7,40.698211669921875,4.364102363586426,512,512
flm,3,64,0.7,40.09758377075195,4.3566131591796875,512,512
flm,1,64,0.75,46.034366607666016,4.431958198547363,512,512
flm,2,64,0.75,43.3065185546875,4.412543296813965,512,512
flm,3,64,0.75,41.817283630371094,4.4005537033081055,512,512
flm,1,64,0.8,49.95669937133789,4.4839982986450195,512,512
flm,2,64,0.8,46.04767990112305,4.458868026733398,512,512
flm,3,64,0.8,44.99223709106445,4.4463725090026855,512,512
flm,1,64,0.85,53.96077346801758,4.528647422790527,512,512
flm,2,64,0.85,49.96030807495117,4.504776477813721,512,512
flm,3,64,0.85,48.349464416503906,4.490519046783447,512,512
flm,1,64,0.9,60.20465850830078,4.574552059173584,512,512
flm,2,64,0.9,53.95322036743164,4.548473358154297,512,512
flm,3,64,0.9,52.200679779052734,4.5315842628479,512,512
flm,1,64,0.95,68.27375793457031,4.619135856628418,512,512
flm,2,64,0.95,59.504638671875,4.588894844055176,512,512
flm,3,64,0.95,56.936378479003906,4.573992729187012,512,512
flm,1,64,1.0,79.7385482788086,4.6680498123168945,512,512
flm,2,64,1.0,67.18086242675781,4.630335807800293,512,512
flm,3,64,1.0,63.74659729003906,4.615522384643555,512,512
flm,1,64,1.05,96.67029571533203,4.711801052093506,512,512
flm,2,64,1.05,77.65351104736328,4.67569637298584,512,512
flm,3,64,1.05,72.70393371582031,4.658546447753906,512,512
flm,1,64,1.1,124.3851547241211,4.753875732421875,512,512
flm,2,64,1.1,91.87019348144531,4.717762470245361,512,512
flm,3,64,1.1,83.82425689697266,4.7022786140441895,512,512
flm,1,64,1.15,164.08322143554688,4.768197059631348,512,512
flm,2,64,1.15,112.07584381103516,4.761546611785889,512,512
flm,3,64,1.15,101.42826843261719,4.747257232666016,512,512
flm,1,64,1.2,201.78443908691406,4.691627502441406,512,512
flm,2,64,1.2,144.63958740234375,4.80475378036499,512,512
flm,3,64,1.2,128.8023223876953,4.7908782958984375,512,512
flm,1,128,0.5,30.73556137084961,4.175457000732422,512,512
flm,2,128,0.5,30.547624588012695,4.172365665435791,512,512
flm,3,128,0.5,30.0894832611084,4.1664137840271,512,512
flm,1,128,0.55,31.59421730041504,4.218257427215576,512,512
flm,2,128,0.55,31.10618782043457,4.20941162109375,512,512
flm,3,128,0.55,30.77726936340332,4.2071533203125,512,512
flm,1,128,0.6,32.583316802978516,4.264932632446289,512,512
flm,2,128,0.6,31.868619918823242,4.247740745544434,512,512
flm,3,128,0.6,31.21164894104004,4.243168354034424,512,512
flm,1,128,0.65,33.91188430786133,4.309144020080566,512,512
flm,2,128,0.65,32.55998992919922,4.2890849113464355,512,512
flm,3,128,0.65,31.99779510498047,4.283822536468506,512,512
flm,1,128,0.7,35.44157791137695,4.35007905960083,512,512
flm,2,128,0.7,33.97704315185547,4.328114986419678,512,512
flm,3,128,0.7,33.42624282836914,4.324402332305908,512,512
flm,1,128,0.75,37.41281509399414,4.39291524887085,512,512
flm,2,128,0.75,35.931968688964844,4.370442867279053,512,512
flm,3,128,0.75,34.72954559326172,4.365506649017334,512,512
flm,1,128,0.8,40.078834533691406,4.4368672370910645,512,512
flm,2,128,0.8,38.03009796142578,4.4144511222839355,512,512
flm,3,128,0.8,36.751487731933594,4.4043474197387695,512,512
flm,1,128,0.85,43.60721206665039,4.477529525756836,512,512
flm,2,128,0.85,40.623043060302734,4.456631183624268,512,512
flm,3,128,0.85,39.5062370300293,4.446544647216797,512,512
flm,1,128,0.9,47.56990432739258,4.520741939544678,512,512
flm,2,128,0.9,43.974159240722656,4.496553421020508,512,512
flm,3,128,0.9,42.210487365722656,4.4839558601379395,512,512
flm,1,128,0.95,53.355323791503906,4.5636420249938965,512,512
flm,2,128,0.95,48.032066345214844,4.538819789886475,512,512
flm,3,128,0.95,46.01976776123047,4.525748252868652,512,512
flm,1,128,1.0,61.31552505493164,4.610269546508789,512,512
flm,2,128,1.0,53.77750015258789,4.579495429992676,512,512
flm,3,128,1.0,50.449249267578125,4.566627502441406,512,512
flm,1,128,1.05,72.5877914428711,4.656041145324707,512,512
flm,2,128,1.05,61.26000213623047,4.620080471038818,512,512
flm,3,128,1.05,57.06083297729492,4.608551025390625,512,512
flm,1,128,1.1,90.48505401611328,4.702626705169678,512,512
flm,2,128,1.1,71.85780334472656,4.667396545410156,512,512
flm,3,128,1.1,65.15190887451172,4.649057388305664,512,512
flm,1,128,1.15,118.35847473144531,4.741291046142578,512,512
flm,2,128,1.15,86.60302734375,4.712174415588379,512,512
flm,3,128,1.15,77.85821533203125,4.694855690002441,512,512
flm,1,128,1.2,155.24069213867188,4.744189262390137,512,512
flm,2,128,1.2,108.96987915039062,4.7544684410095215,512,512
flm,3,128,1.2,96.78297424316406,4.741520404815674,512,512
flm,1,256,0.5,27.199485778808594,4.1623430252075195,512,512
flm,2,256,0.5,26.81011390686035,4.1648383140563965,512,512
flm,3,256,0.5,26.516185760498047,4.155078887939453,512,512
flm,1,256,0.55,27.957677841186523,4.201476573944092,512,512
flm,2,256,0.55,27.24760627746582,4.195502281188965,512,512
flm,3,256,0.55,26.784366607666016,4.186795711517334,512,512
flm,1,256,0.6,28.64435577392578,4.241107940673828,512,512
flm,2,256,0.6,28.108739852905273,4.23242712020874,512,512
flm,3,256,0.6,27.325746536254883,4.221677780151367,512,512
flm,1,256,0.65,29.74534797668457,4.280372619628906,512,512
flm,2,256,0.65,28.988521575927734,4.268476963043213,512,512
flm,3,256,0.65,28.091259002685547,4.259515762329102,512,512
flm,1,256,0.7,31.01047134399414,4.322579383850098,512,512
flm,2,256,0.7,30.13982391357422,4.306146621704102,512,512
flm,3,256,0.7,28.804683685302734,4.297000885009766,512,512
flm,1,256,0.75,32.613582611083984,4.361688137054443,512,512
flm,2,256,0.75,31.508874893188477,4.3462347984313965,512,512
flm,3,256,0.75,30.103641510009766,4.333924293518066,512,512
flm,1,256,0.8,34.698360443115234,4.402642250061035,512,512
flm,2,256,0.8,33.314544677734375,4.38443660736084,512,512
flm,3,256,0.8,32.14219284057617,4.372034072875977,512,512
flm,1,256,0.85,37.1189079284668,4.4407501220703125,512,512
flm,2,256,0.85,35.26443862915039,4.42355489730835,512,512
flm,3,256,0.85,33.76397705078125,4.411465644836426,512,512
flm,1,256,0.9,40.493900299072266,4.4773406982421875,512,512
flm,2,256,0.9,38.092830657958984,4.459056854248047,512,512
flm,3,256,0.9,35.88197326660156,4.449280261993408,512,512
flm,1,256,0.95,44.9110221862793,4.519759178161621,512,512
flm,2,256,0.95,40.69446563720703,4.4949116706848145,512,512
flm,3,256,0.95,38.79578399658203,4.4860711097717285,512,512
flm,1,256,1.0,51.2375602722168,4.563340663909912,512,512
flm,2,256,1.0,45.2032470703125,4.532955646514893,512,512
flm,3,256,1.0,42.07493209838867,4.523700714111328,512,512
flm,1,256,1.05,59.53875732421875,4.60685920715332,512,512
flm,2,256,1.05,51.09328842163086,4.571307182312012,512,512
flm,3,256,1.05,47.41073989868164,4.566164016723633,512,512
flm,1,256,1.1,72.68768310546875,4.656881332397461,512,512
flm,2,256,1.1,59.5300407409668,4.616014003753662,512,512
flm,3,256,1.1,53.264610290527344,4.606091499328613,512,512
flm,1,256,1.15,92.65239715576172,4.701725482940674,512,512
flm,2,256,1.15,71.76483154296875,4.664482593536377,512,512
flm,3,256,1.15,63.95454406738281,4.651853561401367,512,512
flm,1,256,1.2,123.34906005859375,4.732634544372559,512,512
flm,2,256,1.2,90.95951843261719,4.71366024017334,512,512
flm,3,256,1.2,78.1042251586914,4.697786808013916,512,512
mdlm,1,1,0.5,86.65494537353516,2.2622599601745605,512,512
mdlm,2,1,0.5,88.37582397460938,2.2565367221832275,512,512
mdlm,3,1,0.5,88.03521728515625,2.258539915084839,512,512
mdlm,1,1,0.55,114.20414733886719,2.536245107650757,512,512
mdlm,2,1,0.55,117.06659698486328,2.533095598220825,512,512
mdlm,3,1,0.55,115.37410736083984,2.5306684970855713,512,512
mdlm,1,1,0.6,152.26260375976562,2.8217263221740723,512,512
mdlm,2,1,0.6,156.96527099609375,2.827840805053711,512,512
mdlm,3,1,0.6,153.64219665527344,2.8178796768188477,512,512
mdlm,1,1,0.65,202.66656494140625,3.092029571533203,512,512
mdlm,2,1,0.65,211.242919921875,3.1016242504119873,512,512
mdlm,3,1,0.65,205.26576232910156,3.0880565643310547,512,512
mdlm,1,1,0.7,278.8472900390625,3.362711191177368,512,512
mdlm,2,1,0.7,290.0305480957031,3.375843048095703,512,512
mdlm,3,1,0.7,280.5042724609375,3.3582358360290527,512,512
mdlm,1,1,0.75,373.55389404296875,3.607062816619873,512,512
mdlm,2,1,0.75,393.0047302246094,3.618713140487671,512,512
mdlm,3,1,0.75,384.6669006347656,3.6333961486816406,512,512
mdlm,1,1,0.8,516.3280029296875,3.8514249324798584,512,512
mdlm,2,1,0.8,534.6951904296875,3.8586714267730713,512,512
mdlm,3,1,0.8,530.0278930664062,3.875102996826172,512,512
mdlm,1,1,0.85,708.0507202148438,4.090352535247803,512,512
mdlm,2,1,0.85,734.3836059570312,4.086800575256348,512,512
mdlm,3,1,0.85,716.5357055664062,4.09116792678833,512,512
mdlm,1,1,0.9,937.885498046875,4.278306007385254,512,512
mdlm,2,1,0.9,968.3560791015625,4.2814741134643555,512,512
mdlm,3,1,0.9,955.99609375,4.2816243171691895,512,512
mdlm,1,1,0.95,1241.1806640625,4.45042085647583,512,512
mdlm,2,1,0.95,1286.7266845703125,4.4563984870910645,512,512
mdlm,3,1,0.95,1265.2794189453125,4.4594268798828125,512,512
mdlm,1,1,1.0,1603.367431640625,4.604445934295654,512,512
mdlm,2,1,1.0,1668.0501708984375,4.612254619598389,512,512
mdlm,3,1,1.0,1638.5452880859375,4.6138787269592285,512,512
mdlm,1,1,1.05,2040.80859375,4.735712051391602,512,512
mdlm,2,1,1.05,2103.103271484375,4.740073204040527,512,512
mdlm,3,1,1.05,2088.967041015625,4.748469829559326,512,512
mdlm,1,1,1.1,2567.649658203125,4.854945182800293,512,512
mdlm,2,1,1.1,2648.05810546875,4.862232685089111,512,512
mdlm,3,1,1.1,2608.82421875,4.861072063446045,512,512
mdlm,1,1,1.15,3183.273193359375,4.956246852874756,512,512
mdlm,2,1,1.15,3265.31103515625,4.957854270935059,512,512
mdlm,3,1,1.15,3232.884521484375,4.962508201599121,512,512
mdlm,1,1,1.2,3851.9482421875,5.038402080535889,512,512
mdlm,2,1,1.2,3937.40966796875,5.044564723968506,512,512
mdlm,3,1,1.2,3918.559814453125,5.043926239013672,512,512
mdlm,1,4,0.5,49.16144561767578,3.5703234672546387,512,512
mdlm,2,4,0.5,48.74083709716797,3.505753993988037,512,512
mdlm,3,4,0.5,49.345149993896484,3.439990520477295,512,512
mdlm,1,4,0.55,56.836612701416016,3.742206573486328,512,512
mdlm,2,4,0.55,57.02617645263672,3.6857175827026367,512,512
mdlm,3,4,0.55,57.32498550415039,3.6229240894317627,512,512
mdlm,1,4,0.6,65.24613952636719,3.8913471698760986,512,512
mdlm,2,4,0.6,65.98121643066406,3.8441038131713867,512,512
mdlm,3,4,0.6,66.48076629638672,3.798872470855713,512,512
mdlm,1,4,0.65,74.57624053955078,4.024725914001465,512,512
mdlm,2,4,0.65,75.0693130493164,3.9882514476776123,512,512
mdlm,3,4,0.65,76.17567443847656,3.9461324214935303,512,512
mdlm,1,4,0.7,86.2760009765625,4.138037204742432,512,512
mdlm,2,4,0.7,86.88726806640625,4.119978427886963,512,512
mdlm,3,4,0.7,88.27735137939453,4.089075565338135,512,512
mdlm,1,4,0.75,101.77554321289062,4.242355823516846,512,512
mdlm,2,4,0.75,101.4999771118164,4.219744682312012,512,512
mdlm,3,4,0.75,103.48065948486328,4.215906620025635,512,512
mdlm,1,4,0.8,122.85738372802734,4.339860439300537,512,512
mdlm,2,4,0.8,122.27230834960938,4.327544689178467,512,512
mdlm,3,4,0.8,123.57878112792969,4.32009220123291,512,512
mdlm,1,4,0.85,149.10739135742188,4.432840824127197,512,512
mdlm,2,4,0.85,149.44955444335938,4.4168524742126465,512,512
mdlm,3,4,0.85,149.90484619140625,4.415750503540039,512,512
mdlm,1,4,0.9,185.89944458007812,4.516572952270508,512,512
mdlm,2,4,0.9,184.4548797607422,4.505468845367432,512,512
mdlm,3,4,0.9,186.7147979736328,4.50392484664917,512,512
mdlm,1,4,0.95,238.8046875,4.596789360046387,512,512
mdlm,2,4,0.95,235.18084716796875,4.588730812072754,512,512
mdlm,3,4,0.95,241.6211395263672,4.5994367599487305,512,512
mdlm,1,4,1.0,322.5410461425781,4.68186616897583,512,512
mdlm,2,4,1.0,306.9083557128906,4.667713642120361,512,512
mdlm,3,4,1.0,325.9888916015625,4.6820902824401855,512,512
mdlm,1,4,1.05,438.753662109375,4.7548651695251465,512,512
mdlm,2,4,1.05,413.4385681152344,4.745295524597168,512,512
mdlm,3,4,1.05,449.0316467285156,4.763686180114746,512,512
mdlm,1,4,1.1,615.956787109375,4.834136009216309,512,512
mdlm,2,4,1.1,595.5769653320312,4.827968597412109,512,512
mdlm,3,4,1.1,650.2865600585938,4.847902774810791,512,512
mdlm,1,4,1.15,914.5170288085938,4.915981769561768,512,512
mdlm,2,4,1.15,878.8548583984375,4.912464141845703,512,512
mdlm,3,4,1.15,979.157958984375,4.933936595916748,512,512
mdlm,1,4,1.2,1368.41357421875,4.99022912979126,512,512
mdlm,2,4,1.2,1328.3531494140625,4.992930889129639,512,512
mdlm,3,4,1.2,1542.0257568359375,5.015974044799805,512,512
mdlm,1,8,0.5,22.27927589416504,3.9011752605438232,512,512
mdlm,2,8,0.5,22.137950897216797,3.8536577224731445,512,512
mdlm,3,8,0.5,22.308469772338867,3.8608715534210205,512,512
mdlm,1,8,0.55,23.632963180541992,4.003905296325684,512,512
mdlm,2,8,0.55,24.080610275268555,3.959980010986328,512,512
mdlm,3,8,0.55,23.908313751220703,3.9655277729034424,512,512
mdlm,1,8,0.6,25.35851287841797,4.0845417976379395,512,512
mdlm,2,8,0.6,25.890674591064453,4.060254096984863,512,512
mdlm,3,8,0.6,26.110017776489258,4.063137531280518,512,512
mdlm,1,8,0.65,28.123647689819336,4.154180526733398,512,512
mdlm,2,8,0.65,28.858003616333008,4.140932559967041,512,512
mdlm,3,8,0.65,29.003517150878906,4.134254455566406,512,512
mdlm,1,8,0.7,31.526004791259766,4.2259063720703125,512,512
mdlm,2,8,0.7,31.94226837158203,4.2161641120910645,512,512
mdlm,3,8,0.7,32.132999420166016,4.211758613586426,512,512
mdlm,1,8,0.75,36.546382904052734,4.2908935546875,512,512
mdlm,2,8,0.75,36.87237548828125,4.280621528625488,512,512
mdlm,3,8,0.75,37.055091857910156,4.2875776290893555,512,512
mdlm,1,8,0.8,42.26968002319336,4.35343074798584,512,512
mdlm,2,8,0.8,42.61027526855469,4.350107192993164,512,512
mdlm,3,8,0.8,42.650352478027344,4.351419448852539,512,512
mdlm,1,8,0.85,50.77847671508789,4.418304443359375,512,512
mdlm,2,8,0.85,49.46088409423828,4.400136947631836,512,512
mdlm,3,8,0.85,50.278316497802734,4.410708904266357,512,512
mdlm,1,8,0.9,61.43235397338867,4.472945213317871,512,512
mdlm,2,8,0.9,60.47473907470703,4.473362922668457,512,512
mdlm,3,8,0.9,60.50444793701172,4.4712629318237305,512,512
mdlm,1,8,0.95,77.19660186767578,4.532421588897705,512,512
mdlm,2,8,0.95,76.16434478759766,4.5288777351379395,512,512
mdlm,3,8,0.95,76.17218780517578,4.532181739807129,512,512
mdlm,1,8,1.0,98.8534927368164,4.595061302185059,512,512
mdlm,2,8,1.0,99.55050659179688,4.591910362243652,512,512
mdlm,3,8,1.0,99.15937042236328,4.59393835067749,512,512
mdlm,1,8,1.05,133.6762237548828,4.65643310546875,512,512
mdlm,2,8,1.05,133.7994842529297,4.654086112976074,512,512
mdlm,3,8,1.05,133.70350646972656,4.6617326736450195,512,512
mdlm,1,8,1.1,190.9214324951172,4.726176738739014,512,512
mdlm,2,8,1.1,193.07334899902344,4.724282264709473,512,512
mdlm,3,8,1.1,191.92649841308594,4.729856967926025,512,512
mdlm,1,8,1.15,299.2901916503906,4.797656059265137,512,512
mdlm,2,8,1.15,291.3047180175781,4.797696113586426,512,512
mdlm,3,8,1.15,309.1790466308594,4.809864044189453,512,512
mdlm,1,8,1.2,488.4610900878906,4.878835201263428,512,512
mdlm,2,8,1.2,473.4117431640625,4.881614685058594,512,512
mdlm,3,8,1.2,519.8812866210938,4.890967845916748,512,512
mdlm,1,16,0.5,13.112940788269043,3.9873480796813965,512,512
mdlm,2,16,0.5,13.131261825561523,3.9710826873779297,512,512
mdlm,3,16,0.5,13.333136558532715,3.9768869876861572,512,512
mdlm,1,16,0.55,14.17487621307373,4.056634426116943,512,512
mdlm,2,16,0.55,13.889558792114258,4.044602394104004,512,512
mdlm,3,16,0.55,14.103797912597656,4.050085544586182,512,512
mdlm,1,16,0.6,14.67668628692627,4.130479335784912,512,512
mdlm,2,16,0.6,14.655719757080078,4.1142802238464355,512,512
mdlm,3,16,0.6,14.902613639831543,4.121050834655762,512,512
mdlm,1,16,0.65,15.980899810791016,4.182493209838867,512,512
mdlm,2,16,0.65,15.942106246948242,4.16497278213501,512,512
mdlm,3,16,0.65,15.851051330566406,4.170797824859619,512,512
mdlm,1,16,0.7,17.194141387939453,4.237361431121826,512,512
mdlm,2,16,0.7,17.202009201049805,4.228279113769531,512,512
mdlm,3,16,0.7,17.23859977722168,4.227957248687744,512,512
mdlm,1,16,0.75,19.048572540283203,4.27952766418457,512,512
mdlm,2,16,0.75,19.53188705444336,4.27659797668457,512,512
mdlm,3,16,0.75,19.340600967407227,4.279072284698486,512,512
mdlm,1,16,0.8,21.407384872436523,4.320164203643799,512,512
mdlm,2,16,0.8,21.613868713378906,4.3149542808532715,512,512
mdlm,3,16,0.8,21.426027297973633,4.324061870574951,512,512
mdlm,1,16,0.85,24.835838317871094,4.361566543579102,512,512
mdlm,2,16,0.85,25.0452823638916,4.358332633972168,512,512
mdlm,3,16,0.85,24.46820831298828,4.363687515258789,512,512
mdlm,1,16,0.9,29.241485595703125,4.410264492034912,512,512
mdlm,2,16,0.9,29.104705810546875,4.410165309906006,512,512
mdlm,3,16,0.9,29.338720321655273,4.413824081420898,512,512
mdlm,1,16,0.95,35.8006706237793,4.465472221374512,512,512
mdlm,2,16,0.95,35.5615234375,4.462396621704102,512,512
mdlm,3,16,0.95,35.287818908691406,4.468081474304199,512,512
mdlm,1,16,1.0,44.721134185791016,4.509957313537598,512,512
mdlm,2,16,1.0,44.37029266357422,4.509049892425537,512,512
mdlm,3,16,1.0,44.72456741333008,4.515280723571777,512,512
mdlm,1,16,1.05,56.55933380126953,4.562324523925781,512,512
mdlm,2,16,1.05,57.47746658325195,4.561619281768799,512,512
mdlm,3,16,1.05,57.88508605957031,4.571078300476074,512,512
mdlm,1,16,1.1,79.01634216308594,4.626272201538086,512,512
mdlm,2,16,1.1,78.96571350097656,4.623047828674316,512,512
mdlm,3,16,1.1,79.4938735961914,4.625537872314453,512,512
mdlm,1,16,1.15,116.62338256835938,4.691153526306152,512,512
mdlm,2,16,1.15,122.84162902832031,4.699343204498291,512,512
mdlm,3,16,1.15,115.77044677734375,4.693973064422607,512,512
mdlm,1,16,1.2,186.8673858642578,4.762508869171143,512,512
mdlm,2,16,1.2,192.10165405273438,4.770118236541748,512,512
mdlm,3,16,1.2,195.40614318847656,4.773115158081055,512,512
mdlm,1,32,0.5,10.497292518615723,4.0434675216674805,512,512
mdlm,2,32,0.5,10.446037292480469,4.027760982513428,512,512
mdlm,3,32,0.5,10.465923309326172,4.035840034484863,512,512
mdlm,1,32,0.55,10.81554126739502,4.087244510650635,512,512
mdlm,2,32,0.55,10.75967788696289,4.0815277099609375,512,512
mdlm,3,32,0.55,10.759000778198242,4.085559844970703,512,512
mdlm,1,32,0.6,11.207474708557129,4.14118766784668,512,512
mdlm,2,32,0.6,11.26671314239502,4.128062725067139,512,512
mdlm,3,32,0.6,11.180315971374512,4.135075569152832,512,512
mdlm,1,32,0.65,11.875781059265137,4.186410903930664,512,512
mdlm,2,32,0.65,12.061253547668457,4.185866355895996,512,512
mdlm,3,32,0.65,11.933221817016602,4.178773880004883,512,512
mdlm,1,32,0.7,12.774674415588379,4.236617088317871,512,512
mdlm,2,32,0.7,12.767168998718262,4.224078178405762,512,512
mdlm,3,32,0.7,12.682878494262695,4.22793436050415,512,512
mdlm,1,32,0.75,13.952004432678223,4.266804218292236,512,512
mdlm,2,32,0.75,13.997034072875977,4.261843681335449,512,512
mdlm,3,32,0.75,13.808333396911621,4.265401840209961,512,512
mdlm,1,32,0.8,15.595547676086426,4.3130011558532715,512,512
mdlm,2,32,0.8,15.704876899719238,4.301234245300293,512,512
mdlm,3,32,0.8,15.464574813842773,4.301641464233398,512,512
mdlm,1,32,0.85,17.508460998535156,4.351204872131348,512,512
mdlm,2,32,0.85,17.50006103515625,4.343349456787109,512,512
mdlm,3,32,0.85,17.59530258178711,4.3405961990356445,512,512
mdlm,1,32,0.9,20.14453887939453,4.385594367980957,512,512
mdlm,2,32,0.9,19.898406982421875,4.3803911209106445,512,512
mdlm,3,32,0.9,20.00432586669922,4.3826422691345215,512,512
mdlm,1,32,0.95,23.290916442871094,4.418771266937256,512,512
mdlm,2,32,0.95,22.98948097229004,4.420418739318848,512,512
mdlm,3,32,0.95,23.802446365356445,4.425501823425293,512,512
mdlm,1,32,1.0,28.332693099975586,4.468964099884033,512,512
mdlm,2,32,1.0,28.790739059448242,4.468964576721191,512,512
mdlm,3,32,1.0,28.342830657958984,4.466411113739014,512,512
mdlm,1,32,1.05,36.12679672241211,4.515110492706299,512,512
mdlm,2,32,1.05,35.84696578979492,4.51382303237915,512,512
mdlm,3,32,1.05,35.58824157714844,4.516962051391602,512,512
mdlm,1,32,1.1,46.990997314453125,4.562363147735596,512,512
mdlm,2,32,1.1,47.0697135925293,4.564657688140869,512,512
mdlm,3,32,1.1,47.14315414428711,4.567686557769775,512,512
mdlm,1,32,1.15,67.45489501953125,4.625805854797363,512,512
mdlm,2,32,1.15,68.73076629638672,4.627691745758057,512,512
mdlm,3,32,1.15,68.76095581054688,4.63328742980957,512,512
mdlm,1,32,1.2,107.44417572021484,4.697718143463135,512,512
mdlm,2,32,1.2,109.80805206298828,4.700275897979736,512,512
mdlm,3,32,1.2,109.34605407714844,4.703070163726807,512,512
mdlm,1,64,0.5,9.281923294067383,4.049203872680664,512,512
mdlm,2,64,0.5,9.259176254272461,4.031467914581299,512,512
mdlm,3,64,0.5,9.259392738342285,4.039883613586426,512,512
mdlm,1,64,0.55,9.598581314086914,4.097472190856934,512,512
mdlm,2,64,0.55,9.5282564163208,4.087856769561768,512,512
mdlm,3,64,0.55,9.529038429260254,4.0870680809021,512,512
mdlm,1,64,0.6,9.962878227233887,4.150554656982422,512,512
mdlm,2,64,0.6,9.951991081237793,4.13399076461792,512,512
mdlm,3,64,0.6,10.00058364868164,4.137637615203857,512,512
mdlm,1,64,0.65,10.514131546020508,4.1860575675964355,512,512
mdlm,2,64,0.65,10.557724952697754,4.173451900482178,512,512
mdlm,3,64,0.65,10.492883682250977,4.181142330169678,512,512
mdlm,1,64,0.7,11.076082229614258,4.225948333740234,512,512
mdlm,2,64,0.7,11.07728099822998,4.222627639770508,512,512
mdlm,3,64,0.7,11.12611198425293,4.225978374481201,512,512
mdlm,1,64,0.75,12.077154159545898,4.264020919799805,512,512
mdlm,2,64,0.75,12.058981895446777,4.255011558532715,512,512
mdlm,3,64,0.75,11.852349281311035,4.259215354919434,512,512
mdlm,1,64,0.8,12.925436973571777,4.291688442230225,512,512
mdlm,2,64,0.8,13.12409782409668,4.29406213760376,512,512
mdlm,3,64,0.8,13.057860374450684,4.293179988861084,512,512
mdlm,1,64,0.85,14.520617485046387,4.324094772338867,512,512
mdlm,2,64,0.85,14.536673545837402,4.318149566650391,512,512
mdlm,3,64,0.85,14.558316230773926,4.322048187255859,512,512
mdlm,1,64,0.9,16.28236198425293,4.354322910308838,512,512
mdlm,2,64,0.9,16.341550827026367,4.352640628814697,512,512
mdlm,3,64,0.9,16.46462631225586,4.352700710296631,512,512
mdlm,1,64,0.95,18.892059326171875,4.398707866668701,512,512
mdlm,2,64,0.95,19.10568618774414,4.398088455200195,512,512
mdlm,3,64,0.95,18.839923858642578,4.395333290100098,512,512
mdlm,1,64,1.0,22.888559341430664,4.440776348114014,512,512
mdlm,2,64,1.0,22.622432708740234,4.434845924377441,512,512
mdlm,3,64,1.0,22.792476654052734,4.435273170471191,512,512
mdlm,1,64,1.05,28.408611297607422,4.491436004638672,512,512
mdlm,2,64,1.05,28.526140213012695,4.485576152801514,512,512
mdlm,3,64,1.05,28.515380859375,4.485294342041016,512,512
mdlm,1,64,1.1,37.08395004272461,4.53533411026001,512,512
mdlm,2,64,1.1,37.36776351928711,4.538506984710693,512,512
mdlm,3,64,1.1,37.059200286865234,4.534346580505371,512,512
mdlm,1,64,1.15,51.79637908935547,4.588015556335449,512,512
mdlm,2,64,1.15,52.75860595703125,4.586856365203857,512,512
mdlm,3,64,1.15,52.46394348144531,4.598686695098877,512,512
mdlm,1,64,1.2,80.94058990478516,4.659508228302002,512,512
mdlm,2,64,1.2,83.77246856689453,4.665596008300781,512,512
mdlm,3,64,1.2,82.43551635742188,4.670932769775391,512,512
mdlm,1,128,0.5,8.727121353149414,4.0653300285339355,512,512
mdlm,2,128,0.5,8.553929328918457,4.050976753234863,512,512
mdlm,3,128,0.5,8.63912296295166,4.056584358215332,512,512
mdlm,1,128,0.55,8.918136596679688,4.113407611846924,512,512
mdlm,2,128,0.55,8.817045211791992,4.104294300079346,512,512
mdlm,3,128,0.55,8.82963752746582,4.100192546844482,512,512
mdlm,1,128,0.6,9.246557235717773,4.154567718505859,512,512
mdlm,2,128,0.6,9.224845886230469,4.1488871574401855,512,512
mdlm,3,128,0.6,9.264208793640137,4.143744945526123,512,512
mdlm,1,128,0.65,9.858543395996094,4.1859211921691895,512,512
mdlm,2,128,0.65,9.75979232788086,4.182347774505615,512,512
mdlm,3,128,0.65,9.686559677124023,4.172746181488037,512,512
mdlm,1,128,0.7,10.273513793945312,4.218018531799316,512,512
mdlm,2,128,0.7,10.38521671295166,4.2189130783081055,512,512
mdlm,3,128,0.7,10.200399398803711,4.211026668548584,512,512
mdlm,1,128,0.75,11.080538749694824,4.260855197906494,512,512
mdlm,2,128,0.75,11.069706916809082,4.248925685882568,512,512
mdlm,3,128,0.75,11.100665092468262,4.251140117645264,512,512
mdlm,1,128,0.8,11.989370346069336,4.287562370300293,512,512
mdlm,2,128,0.8,12.226938247680664,4.2795329093933105,512,512
mdlm,3,128,0.8,12.047127723693848,4.276865005493164,512,512
mdlm,1,128,0.85,13.182479858398438,4.314916133880615,512,512
mdlm,2,128,0.85,13.329299926757812,4.307431697845459,512,512
mdlm,3,128,0.85,13.180931091308594,4.312029838562012,512,512
mdlm,1,128,0.9,14.917512893676758,4.35267448425293,512,512
mdlm,2,128,0.9,15.007366180419922,4.348752021789551,512,512
mdlm,3,128,0.9,15.03946304321289,4.35032844543457,512,512
mdlm,1,128,0.95,17.183740615844727,4.380470275878906,512,512
mdlm,2,128,0.95,17.339221954345703,4.387691974639893,512,512
mdlm,3,128,0.95,17.152729034423828,4.384432315826416,512,512
mdlm,1,128,1.0,20.450124740600586,4.421944618225098,512,512
mdlm,2,128,1.0,20.82953643798828,4.423364639282227,512,512
mdlm,3,128,1.0,20.55671501159668,4.420470237731934,512,512
mdlm,1,128,1.05,25.113609313964844,4.466641902923584,512,512
mdlm,2,128,1.05,25.41710090637207,4.464334011077881,512,512
mdlm,3,128,1.05,25.34328842163086,4.46523904800415,512,512
mdlm,1,128,1.1,31.811107635498047,4.50925874710083,512,512
mdlm,2,128,1.1,32.266883850097656,4.5115203857421875,512,512
mdlm,3,128,1.1,32.271202087402344,4.511800289154053,512,512
mdlm,1,128,1.15,44.22892761230469,4.557182312011719,512,512
mdlm,2,128,1.15,44.69483947753906,4.564527988433838,512,512
mdlm,3,128,1.15,44.11126708984375,4.562091827392578,512,512
mdlm,1,128,1.2,66.3941879272461,4.625302791595459,512,512
mdlm,2,128,1.2,68.58910369873047,4.633439540863037,512,512
mdlm,3,128,1.2,68.61072540283203,4.635499477386475,512,512
mdlm,1,256,0.5,8.463748931884766,4.071059226989746,512,512
mdlm,2,256,0.5,8.417169570922852,4.047391414642334,512,512
mdlm,3,256,0.5,8.437082290649414,4.053947925567627,512,512
mdlm,1,256,0.55,8.63829517364502,4.10061502456665,512,512
mdlm,2,256,0.55,8.607505798339844,4.080554962158203,512,512
mdlm,3,256,0.55,8.651741981506348,4.091446399688721,512,512
mdlm,1,256,0.6,8.94560432434082,4.144854545593262,512,512
mdlm,2,256,0.6,9.055784225463867,4.136404037475586,512,512
mdlm,3,256,0.6,9.023979187011719,4.137094974517822,512,512
mdlm,1,256,0.65,9.413383483886719,4.180873394012451,512,512
mdlm,2,256,0.65,9.496389389038086,4.177885055541992,512,512
mdlm,3,256,0.65,9.3367280960083,4.178016662597656,512,512
mdlm,1,256,0.7,9.87292194366455,4.214982509613037,512,512
mdlm,2,256,0.7,10.015358924865723,4.215607166290283,512,512
mdlm,3,256,0.7,9.961657524108887,4.212401866912842,512,512
mdlm,1,256,0.75,10.623641967773438,4.247396469116211,512,512
mdlm,2,256,0.75,10.70973014831543,4.246342182159424,512,512
mdlm,3,256,0.75,10.71839714050293,4.245663166046143,512,512
mdlm,1,256,0.8,11.557559967041016,4.27787971496582,512,512
mdlm,2,256,0.8,11.51740550994873,4.273226737976074,512,512
mdlm,3,256,0.8,11.597028732299805,4.280920028686523,512,512
mdlm,1,256,0.85,12.73337459564209,4.3067498207092285,512,512
mdlm,2,256,0.85,12.871027946472168,4.308155536651611,512,512
mdlm,3,256,0.85,12.636650085449219,4.309415340423584,512,512
mdlm,1,256,0.9,14.213351249694824,4.338191509246826,512,512
mdlm,2,256,0.9,14.48550033569336,4.341171741485596,512,512
mdlm,3,256,0.9,14.524027824401855,4.34000825881958,512,512
mdlm,1,256,0.95,16.304851531982422,4.371635913848877,512,512
mdlm,2,256,0.95,16.297590255737305,4.372544765472412,512,512
mdlm,3,256,0.95,16.33333969116211,4.373787879943848,512,512
mdlm,1,256,1.0,19.16309928894043,4.4101643562316895,512,512
mdlm,2,256,1.0,19.268796920776367,4.409730434417725,512,512
mdlm,3,256,1.0,19.52811050415039,4.416540145874023,512,512
mdlm,1,256,1.05,23.775970458984375,4.457641124725342,512,512
mdlm,2,256,1.05,24.066633224487305,4.460391044616699,512,512
mdlm,3,256,1.05,23.376623153686523,4.458418369293213,512,512
mdlm,1,256,1.1,30.695810317993164,4.504583835601807,512,512
mdlm,2,256,1.1,30.85342788696289,4.50102424621582,512,512
mdlm,3,256,1.1,31.236690521240234,4.507722854614258,512,512
mdlm,1,256,1.15,41.70894241333008,4.551403522491455,512,512
mdlm,2,256,1.15,43.42442321777344,4.570680618286133,512,512
mdlm,3,256,1.15,42.64622497558594,4.561373710632324,512,512
mdlm,1,256,1.2,62.94011688232422,4.618697166442871,512,512
mdlm,2,256,1.2,65.31109619140625,4.635558605194092,512,512
mdlm,3,256,1.2,63.90253829956055,4.624042987823486,512,512
