nfe,eta,temp,seed,gen_ppl,entropy,num_unique,num_samples
4,0.0,0.5,1,34.94709777832031,3.979768753051758,512,512
4,0.0,0.5,2,34.312103271484375,4.007486343383789,512,512
4,0.0,0.5,3,34.57167053222656,3.9204928874969482,512,512
4,0.0,0.55,1,36.62236404418945,4.044212341308594,512,512
4,0.0,0.55,2,36.79035949707031,4.064095973968506,512,512
4,0.0,0.55,3,36.86130142211914,3.991490364074707,512,512
4,0.0,0.6,1,38.625511169433594,4.102530002593994,512,512
4,0.0,0.6,2,39.37797164916992,4.115584850311279,512,512
4,0.0,0.6,3,38.558658599853516,4.046144008636475,512,512
4,0.0,0.65,1,41.138404846191406,4.153372287750244,512,512
4,0.0,0.65,2,42.4540901184082,4.160252571105957,512,512
4,0.0,0.65,3,41.72591018676758,4.1006388664245605,512,512
4,0.0,0.7,1,44.108428955078125,4.194190979003906,512,512
4,0.0,0.7,2,44.77286911010742,4.199862003326416,512,512
4,0.0,0.7,3,44.435977935791016,4.144481182098389,512,512
4,0.0,0.75,1,47.14054489135742,4.227615833282471,512,512
4,0.0,0.75,2,48.4598503112793,4.231974124908447,512,512
4,0.0,0.75,3,47.5718879699707,4.17533016204834,512,512
4,0.0,0.8,1,50.4864387512207,4.257509231567383,512,512
4,0.0,0.8,2,51.42878341674805,4.253012657165527,512,512
4,0.0,0.8,3,51.128028869628906,4.206754207611084,512,512
4,0.0,0.85,1,53.96601104736328,4.278262138366699,512,512
4,0.0,0.85,2,55.142677307128906,4.271338939666748,512,512
4,0.0,0.85,3,54.96259307861328,4.233802795410156,512,512
4,0.0,0.9,1,58.404937744140625,4.299027919769287,512,512
4,0.0,0.9,2,59.745201110839844,4.290223598480225,512,512
4,0.0,0.9,3,59.488582611083984,4.261305809020996,512,512
4,0.0,0.95,1,62.53154373168945,4.31171178817749,512,512
4,0.0,0.95,2,64.7815933227539,4.305109024047852,512,512
4,0.0,0.95,3,64.08670043945312,4.276456356048584,512,512
4,0.0,1.0,1,67.19037628173828,4.323867321014404,512,512
4,0.0,1.0,2,69.350341796875,4.317913055419922,512,512
4,0.0,1.0,3,68.6394271850586,4.287152290344238,512,512
4,0.0,1.05,1,72.07928466796875,4.33001708984375,512,512
4,0.0,1.05,2,74.38807678222656,4.324678421020508,512,512
4,0.0,1.05,3,74.07037353515625,4.294741153717041,512,512
4,0.0,1.1,1,77.96189880371094,4.337764263153076,512,512
4,0.0,1.1,2,79.86991119384766,4.33172607421875,512,512
4,0.0,1.1,3,79.86283111572266,4.301882266998291,512,512
4,0.0,1.15,1,84.08723449707031,4.3445868492126465,512,512
4,0.0,1.15,2,87.33392333984375,4.339686870574951,512,512
4,0.0,1.15,3,86.421142578125,4.308215141296387,512,512
4,0.0,1.2,1,89.06564331054688,4.3505425453186035,512,512
4,0.0,1.2,2,93.93849182128906,4.345638275146484,512,512
4,0.0,1.2,3,93.74383544921875,4.312777042388916,512,512
4,0.5,0.5,1,41.45806121826172,4.036937713623047,512,512
4,0.5,0.6,1,46.86857986450195,4.128058910369873,512,512
4,1.0,0.5,1,45.310909271240234,4.062963008880615,512,512
4,1.0,0.6,1,51.19577407836914,4.140624523162842,512,512
4,2.0,0.5,1,52.94346618652344,4.095875263214111,512,512
4,2.0,0.6,1,59.05018997192383,4.154178142547607,512,512
4,4.0,0.5,1,67.12744903564453,4.103466510772705,512,512
4,4.0,0.6,1,72.77535247802734,4.152308940887451,512,512
8,0.0,0.5,1,18.209625244140625,4.088810920715332,512,512
8,0.0,0.5,2,18.045196533203125,4.117402076721191,512,512
8,0.0,0.5,3,18.506378173828125,4.051638603210449,512,512
8,0.0,0.55,1,19.16916275024414,4.142928600311279,512,512
8,0.0,0.55,2,19.002580642700195,4.164624214172363,512,512
8,0.0,0.55,3,19.52014923095703,4.104823589324951,512,512
8,0.0,0.6,1,19.937532424926758,4.194029331207275,512,512
8,0.0,0.6,2,20.14695930480957,4.207962512969971,512,512
8,0.0,0.6,3,20.438690185546875,4.15858268737793,512,512
8,0.0,0.65,1,21.21904754638672,4.240068435668945,512,512
8,0.0,0.65,2,21.55420684814453,4.2565813064575195,512,512
8,0.0,0.65,3,21.382043838500977,4.205275058746338,512,512
8,0.0,0.7,1,22.534372329711914,4.278939247131348,512,512
8,0.0,0.7,2,23.13278579711914,4.293634414672852,512,512
8,0.0,0.7,3,22.719894409179688,4.2495951652526855,512,512
8,0.0,0.75,1,24.430025100708008,4.315639972686768,512,512
8,0.0,0.75,2,24.7802677154541,4.328914642333984,512,512
8,0.0,0.75,3,24.501808166503906,4.291138172149658,512,512
8,0.0,0.8,1,26.423282623291016,4.352286338806152,512,512
8,0.0,0.8,2,27.047847747802734,4.3598456382751465,512,512
8,0.0,0.8,3,26.687898635864258,4.331849575042725,512,512
8,0.0,0.85,1,28.898298263549805,4.384608268737793,512,512
8,0.0,0.85,2,29.341825485229492,4.385792255401611,512,512
8,0.0,0.85,3,28.74860954284668,4.362123966217041,512,512
8,0.0,0.9,1,31.53856086730957,4.410552501678467,512,512
8,0.0,0.9,2,31.977157592773438,4.411207675933838,512,512
8,0.0,0.9,3,31.71697235107422,4.389760494232178,512,512
8,0.0,0.95,1,35.06551742553711,4.435521602630615,512,512
8,0.0,0.95,2,35.506168365478516,4.4356279373168945,512,512
8,0.0,0.95,3,35.162757873535156,4.421148300170898,512,512
8,0.0,1.0,1,38.685298919677734,4.4609503746032715,512,512
8,0.0,1.0,2,39.506744384765625,4.457972049713135,512,512
8,0.0,1.0,3,39.38944625854492,4.449118614196777,512,512
8,0.0,1.05,1,43.82073211669922,4.486332893371582,512,512
8,0.0,1.05,2,44.3117561340332,4.4847636222839355,512,512
8,0.0,1.05,3,44.59503173828125,4.477511882781982,512,512
8,0.0,1.1,1,49.7463493347168,4.507287502288818,512,512
8,0.0,1.1,2,50.22526550292969,4.508438587188721,512,512
8,0.0,1.1,3,50.226715087890625,4.501514434814453,512,512
8,0.0,1.15,1,56.71097183227539,4.531362056732178,512,512
8,0.0,1.15,2,56.740726470947266,4.533919334411621,512,512
8,0.0,1.15,3,58.22766876220703,4.5282158851623535,512,512
8,0.0,1.2,1,64.8453140258789,4.554123401641846,512,512
8,0.0,1.2,2,65.79151916503906,4.555517673492432,512,512
8,0.0,1.2,3,67.36466979980469,4.54932165145874,512,512
8,1.0,0.5,1,19.99827003479004,4.125333309173584,512,512
8,1.0,0.6,1,22.0820255279541,4.219485282897949,512,512
8,2.0,0.5,1,20.622112274169922,4.150733947753906,512,512
8,2.0,0.6,1,23.72100830078125,4.23891544342041,512,512
8,4.0,0.5,1,23.414485931396484,4.191108226776123,512,512
8,4.0,0.6,1,26.26641082763672,4.262118339538574,512,512
8,8.0,0.5,1,27.874401092529297,4.24961519241333,512,512
8,8.0,0.6,1,31.92676544189453,4.3134260177612305,512,512
16,0.0,0.5,1,14.521829605102539,4.1095404624938965,512,512
16,0.0,0.5,2,14.489316940307617,4.1302170753479,512,512
16,0.0,0.5,3,14.855986595153809,4.079508304595947,512,512
16,0.0,0.55,1,15.086156845092773,4.156907081604004,512,512
16,0.0,0.55,2,15.129447937011719,4.172805309295654,512,512
16,0.0,0.55,3,15.385391235351562,4.12583589553833,512,512
16,0.0,0.6,1,15.758752822875977,4.202475070953369,512,512
16,0.0,0.6,2,15.921192169189453,4.215303421020508,512,512
16,0.0,0.6,3,15.804940223693848,4.173130989074707,512,512
16,0.0,0.65,1,16.488065719604492,4.245083332061768,512,512
16,0.0,0.65,2,16.807689666748047,4.253955364227295,512,512
16,0.0,0.65,3,16.811176300048828,4.21776819229126,512,512
16,0.0,0.7,1,17.517696380615234,4.280566692352295,512,512
16,0.0,0.7,2,17.777835845947266,4.284361839294434,512,512
16,0.0,0.7,3,17.817291259765625,4.256194114685059,512,512
16,0.0,0.75,1,18.638673782348633,4.314925670623779,512,512
16,0.0,0.75,2,18.854751586914062,4.313140869140625,512,512
16,0.0,0.75,3,18.724925994873047,4.292932987213135,512,512
16,0.0,0.8,1,20.00254249572754,4.345275402069092,512,512
16,0.0,0.8,2,20.131690979003906,4.342354774475098,512,512
16,0.0,0.8,3,20.093124389648438,4.325895309448242,512,512
16,0.0,0.85,1,21.439481735229492,4.3727498054504395,512,512
16,0.0,0.85,2,21.486698150634766,4.367283821105957,512,512
16,0.0,0.85,3,21.728612899780273,4.356776237487793,512,512
16,0.0,0.9,1,23.30335807800293,4.399068355560303,512,512
16,0.0,0.9,2,23.404909133911133,4.392194747924805,512,512
16,0.0,0.9,3,23.461437225341797,4.385791301727295,512,512
16,0.0,0.95,1,25.590700149536133,4.426302433013916,512,512
16,0.0,0.95,2,25.665660858154297,4.418247222900391,512,512
16,0.0,0.95,3,25.849843978881836,4.414892673492432,512,512
16,0.0,1.0,1,28.35450553894043,4.450178623199463,512,512
16,0.0,1.0,2,28.482460021972656,4.44570779800415,512,512
16,0.0,1.0,3,28.47926902770996,4.441574573516846,512,512
16,0.0,1.05,1,31.66793441772461,4.473470211029053,512,512
16,0.0,1.05,2,31.88625144958496,4.470713138580322,512,512
16,0.0,1.05,3,31.779138565063477,4.468804359436035,512,512
16,0.0,1.1,1,35.338050842285156,4.4996514320373535,512,512
16,0.0,1.1,2,36.12168884277344,4.497027397155762,512,512
16,0.0,1.1,3,36.089439392089844,4.4957380294799805,512,512
16,0.0,1.15,1,40.71115493774414,4.528661727905273,512,512
16,0.0,1.15,2,41.557594299316406,4.5249152183532715,512,512
16,0.0,1.15,3,41.300498962402344,4.528302192687988,512,512
16,0.0,1.2,1,46.726966857910156,4.557432174682617,512,512
16,0.0,1.2,2,48.32329177856445,4.554272651672363,512,512
16,0.0,1.2,3,48.90604019165039,4.562215328216553,512,512
16,0.25,0.5,1,14.359688758850098,4.100574493408203,512,512
16,0.25,0.6,1,15.688200950622559,4.19828462600708,512,512
16,0.25,0.7,1,17.469573974609375,4.275025844573975,512,512
16,0.25,0.9,1,23.169782638549805,4.391058444976807,512,512
16,0.25,1.1,1,35.316017150878906,4.495760440826416,512,512
16,0.5,0.5,1,14.579354286193848,4.104491233825684,512,512
16,0.5,0.6,1,15.841020584106445,4.188753604888916,512,512
16,0.5,0.7,1,17.66145133972168,4.26443338394165,512,512
16,0.5,0.9,1,23.73605728149414,4.391067028045654,512,512
16,0.5,1.1,1,37.35292053222656,4.496785640716553,512,512
16,1.0,0.5,1,14.773743629455566,4.109992027282715,512,512
16,1.0,0.6,1,16.211050033569336,4.195005416870117,512,512
16,1.0,0.7,1,18.05881690979004,4.266360759735107,512,512
16,1.0,0.9,1,24.401857376098633,4.396826267242432,512,512
16,1.0,1.1,1,38.71851348876953,4.502867221832275,512,512
16,2.0,0.5,1,15.187121391296387,4.1321702003479,512,512
16,2.0,0.6,1,16.566492080688477,4.216772556304932,512,512
16,2.0,0.7,1,18.709453582763672,4.288504600524902,512,512
16,2.0,0.9,1,24.935237884521484,4.400153160095215,512,512
16,2.0,1.1,1,39.917991638183594,4.507707118988037,512,512
16,4.0,0.5,1,15.191556930541992,4.146027565002441,512,512
16,4.0,0.6,1,16.834692001342773,4.22791862487793,512,512
16,4.0,0.7,1,18.99176597595215,4.303953647613525,512,512
16,4.0,0.9,1,26.07219123840332,4.411187171936035,512,512
16,4.0,1.1,1,41.49018478393555,4.51622200012207,512,512
16,8.0,0.5,1,15.932318687438965,4.179772853851318,512,512
16,8.0,0.6,1,17.454662322998047,4.2531938552856445,512,512
16,8.0,0.7,1,19.90907859802246,4.323077201843262,512,512
16,8.0,0.9,1,28.883583068847656,4.435118198394775,512,512
16,8.0,1.1,1,50.30067825317383,4.553927421569824,512,512
16,16.0,0.5,1,17.90715217590332,4.234338283538818,512,512
16,16.0,0.6,1,19.61956024169922,4.295654773712158,512,512
16,16.0,0.7,1,22.46003532409668,4.346240997314453,512,512
16,16.0,0.9,1,33.86031723022461,4.463629245758057,512,512
16,16.0,1.1,1,61.306636810302734,4.576710224151611,512,512
16,32.0,0.5,1,24.088775634765625,4.339940071105957,512,512
16,32.0,0.6,1,26.97661018371582,4.37746000289917,512,512
16,32.0,0.7,1,31.55990982055664,4.422223091125488,512,512
16,32.0,0.9,1,49.082275390625,4.520821571350098,512,512
16,32.0,1.1,1,92.04238891601562,4.635712623596191,512,512
16,64.0,0.5,1,66.18354797363281,4.505636215209961,512,512
16,64.0,0.6,1,71.10009765625,4.524231433868408,512,512
16,64.0,0.7,1,77.90210723876953,4.552793979644775,512,512
16,64.0,0.9,1,108.83554077148438,4.621438026428223,512,512
16,64.0,1.1,1,191.0031280517578,4.721425533294678,512,512
32,0.0,0.5,1,13.390731811523438,4.1136298179626465,512,512
32,0.0,0.5,2,13.23769474029541,4.138494968414307,512,512
32,0.0,0.5,3,13.48199462890625,4.073993682861328,512,512
32,0.0,0.55,1,13.701160430908203,4.154686450958252,512,512
32,0.0,0.55,2,13.6998929977417,4.175783634185791,512,512
32,0.0,0.55,3,13.994375228881836,4.124818325042725,512,512
32,0.0,0.6,1,14.354174613952637,4.20031213760376,512,512
32,0.0,0.6,2,14.361544609069824,4.214150905609131,512,512
32,0.0,0.6,3,14.68130874633789,4.16939115524292,512,512
32,0.0,0.65,1,14.945932388305664,4.234918117523193,512,512
32,0.0,0.65,2,15.072869300842285,4.249575138092041,512,512
32,0.0,0.65,3,15.13979434967041,4.207767963409424,512,512
32,0.0,0.7,1,15.5515775680542,4.2700934410095215,512,512
32,0.0,0.7,2,15.94654369354248,4.283517837524414,512,512
32,0.0,0.7,3,15.634764671325684,4.246500015258789,512,512
32,0.0,0.75,1,16.543197631835938,4.304962635040283,512,512
32,0.0,0.75,2,16.97186279296875,4.312251567840576,512,512
32,0.0,0.75,3,16.583782196044922,4.280162334442139,512,512
32,0.0,0.8,1,17.583267211914062,4.332370281219482,512,512
32,0.0,0.8,2,17.937358856201172,4.33694314956665,512,512
32,0.0,0.8,3,17.923439025878906,4.316220760345459,512,512
32,0.0,0.85,1,18.851858139038086,4.360661506652832,512,512
32,0.0,0.85,2,19.197973251342773,4.361814498901367,512,512
32,0.0,0.85,3,19.142805099487305,4.347953796386719,512,512
32,0.0,0.9,1,20.461252212524414,4.38759708404541,512,512
32,0.0,0.9,2,20.769041061401367,4.386042594909668,512,512
32,0.0,0.9,3,20.70920753479004,4.376816272735596,512,512
32,0.0,0.95,1,22.475414276123047,4.413701057434082,512,512
32,0.0,0.95,2,22.516754150390625,4.413287162780762,512,512
32,0.0,0.95,3,22.417165756225586,4.402439594268799,512,512
32,0.0,1.0,1,24.7001953125,4.441232681274414,512,512
32,0.0,1.0,2,24.63890838623047,4.439089775085449,512,512
32,0.0,1.0,3,24.629167556762695,4.428758144378662,512,512
32,0.0,1.05,1,27.750673294067383,4.468100070953369,512,512
32,0.0,1.05,2,27.19881248474121,4.464264869689941,512,512
32,0.0,1.05,3,27.31621742248535,4.457333087921143,512,512
32,0.0,1.1,1,30.79827880859375,4.492779731750488,512,512
32,0.0,1.1,2,30.568994522094727,4.492175579071045,512,512
32,0.0,1.1,3,30.955713272094727,4.486696720123291,512,512
32,0.0,1.15,1,34.70068359375,4.52036714553833,512,512
32,0.0,1.15,2,34.606258392333984,4.516326904296875,512,512
32,0.0,1.15,3,35.314109802246094,4.51580286026001,512,512
32,0.0,1.2,1,40.298423767089844,4.548187732696533,512,512
32,0.0,1.2,2,40.13117599487305,4.546266078948975,512,512
32,0.0,1.2,3,41.0546760559082,4.5484209060668945,512,512
32,1.0,0.5,1,13.255436897277832,4.117495059967041,512,512
32,1.0,0.6,1,14.318917274475098,4.207112789154053,512,512
32,1.0,0.7,1,15.802848815917969,4.277470111846924,512,512
32,2.0,0.5,1,13.193629264831543,4.1235575675964355,512,512
32,2.0,0.6,1,14.254203796386719,4.208710193634033,512,512
32,2.0,0.7,1,15.798731803894043,4.281792163848877,512,512
32,4.0,0.5,1,13.136770248413086,4.138386249542236,512,512
32,4.0,0.6,1,14.029451370239258,4.217668533325195,512,512
32,4.0,0.7,1,15.576847076416016,4.277895927429199,512,512
32,8.0,0.5,1,13.057035446166992,4.15679931640625,512,512
32,8.0,0.5,2,13.002274513244629,4.163637161254883,512,512
32,8.0,0.5,3,12.941640853881836,4.108107089996338,512,512
32,8.0,0.55,1,13.460443496704102,4.191012382507324,512,512
32,8.0,0.55,2,13.560051918029785,4.193262577056885,512,512
32,8.0,0.55,3,13.57176399230957,4.154038906097412,512,512
32,8.0,0.6,1,14.077378273010254,4.221502780914307,512,512
32,8.0,0.6,2,14.349527359008789,4.233053684234619,512,512
32,8.0,0.6,3,14.20042610168457,4.192442893981934,512,512
32,8.0,0.65,1,14.752121925354004,4.253640174865723,512,512
32,8.0,0.65,2,15.156700134277344,4.26657247543335,512,512
32,8.0,0.65,3,14.933732986450195,4.2308125495910645,512,512
32,8.0,0.7,1,15.462265968322754,4.278485298156738,512,512
32,8.0,0.7,2,16.002384185791016,4.295684814453125,512,512
32,8.0,0.7,3,15.719244003295898,4.264887809753418,512,512
32,8.0,0.75,1,16.456859588623047,4.31008243560791,512,512
32,8.0,0.75,2,17.104888916015625,4.323489189147949,512,512
32,8.0,0.75,3,16.794851303100586,4.295680999755859,512,512
32,8.0,0.8,1,17.74875831604004,4.346157550811768,512,512
32,8.0,0.8,2,18.327234268188477,4.351055145263672,512,512
32,8.0,0.8,3,18.09529685974121,4.327024936676025,512,512
32,8.0,0.85,1,19.320852279663086,4.370635509490967,512,512
32,8.0,0.85,2,19.731645584106445,4.373587608337402,512,512
32,8.0,0.85,3,19.460224151611328,4.354047775268555,512,512
32,8.0,0.9,1,20.87810516357422,4.392579078674316,512,512
32,8.0,0.9,2,21.341646194458008,4.397876739501953,512,512
32,8.0,0.9,3,21.24615478515625,4.381549835205078,512,512
32,8.0,0.95,1,22.625150680541992,4.41555118560791,512,512
32,8.0,0.95,2,23.57941246032715,4.426190376281738,512,512
32,8.0,0.95,3,23.794921875,4.408679962158203,512,512
32,8.0,1.0,1,25.75366973876953,4.44370174407959,512,512
32,8.0,1.0,2,26.475194931030273,4.453220844268799,512,512
32,8.0,1.0,3,26.206260681152344,4.439273357391357,512,512
32,8.0,1.05,1,29.24384880065918,4.4770708084106445,512,512
32,8.0,1.05,2,30.18897247314453,4.482038974761963,512,512
32,8.0,1.05,3,29.808895111083984,4.472401142120361,512,512
32,8.0,1.1,1,33.69316864013672,4.5116095542907715,512,512
32,8.0,1.1,2,35.05004119873047,4.5140299797058105,512,512
32,8.0,1.1,3,34.628334045410156,4.500375747680664,512,512
32,8.0,1.15,1,39.85487747192383,4.541497230529785,512,512
32,8.0,1.15,2,41.15985870361328,4.546432971954346,512,512
32,8.0,1.15,3,40.92215347290039,4.53485107421875,512,512
32,8.0,1.2,1,47.13768768310547,4.576182842254639,512,512
32,8.0,1.2,2,49.69688415527344,4.579617500305176,512,512
32,8.0,1.2,3,49.9914436340332,4.573829650878906,512,512
32,16.0,0.5,1,13.344675064086914,4.175075531005859,512,512
32,16.0,0.6,1,14.387289047241211,4.240726470947266,512,512
32,16.0,0.7,1,15.897466659545898,4.299953460693359,512,512
32,32.0,0.5,1,14.144439697265625,4.222858428955078,512,512
32,32.0,0.6,1,15.138136863708496,4.272983074188232,512,512
32,32.0,0.7,1,17.237802505493164,4.337902545928955,512,512
32,64.0,0.5,1,17.576723098754883,4.321253299713135,512,512
32,64.0,0.6,1,19.130290985107422,4.352349281311035,512,512
32,64.0,0.7,1,21.484895706176758,4.389214515686035,512,512
64,0.0,0.5,1,12.688307762145996,4.1200270652771,512,512
64,0.0,0.5,2,12.798666000366211,4.126269340515137,512,512
64,0.0,0.5,3,12.934493064880371,4.078537464141846,512,512
64,0.0,0.55,1,13.16359806060791,4.161324501037598,512,512
64,0.0,0.55,2,13.294648170471191,4.165670871734619,512,512
64,0.0,0.55,3,13.328388214111328,4.116569995880127,512,512
64,0.0,0.6,1,13.64547061920166,4.203171730041504,512,512
64,0.0,0.6,2,13.746756553649902,4.19976806640625,512,512
64,0.0,0.6,3,13.90336799621582,4.165398597717285,512,512
64,0.0,0.65,1,14.273168563842773,4.238132476806641,512,512
64,0.0,0.65,2,14.326884269714355,4.232759475708008,512,512
64,0.0,0.65,3,14.625795364379883,4.205714225769043,512,512
64,0.0,0.7,1,14.941385269165039,4.269225597381592,512,512
64,0.0,0.7,2,14.947603225708008,4.268301963806152,512,512
64,0.0,0.7,3,15.265486717224121,4.240769386291504,512,512
64,0.0,0.75,1,15.683145523071289,4.298022747039795,512,512
64,0.0,0.75,2,15.93131160736084,4.306853771209717,512,512
64,0.0,0.75,3,15.797706604003906,4.277137756347656,512,512
64,0.0,0.8,1,16.582326889038086,4.326650142669678,512,512
64,0.0,0.8,2,17.032663345336914,4.330967903137207,512,512
64,0.0,0.8,3,17.004621505737305,4.312489986419678,512,512
64,0.0,0.85,1,17.776981353759766,4.355093479156494,512,512
64,0.0,0.85,2,18.04985237121582,4.354781627655029,512,512
64,0.0,0.85,3,18.017505645751953,4.341933727264404,512,512
64,0.0,0.9,1,19.103445053100586,4.3810272216796875,512,512
64,0.0,0.9,2,19.465654373168945,4.379340171813965,512,512
64,0.0,0.9,3,19.48055648803711,4.369245529174805,512,512
64,0.0,0.95,1,20.71541976928711,4.4054274559021,512,512
64,0.0,0.95,2,21.024368286132812,4.4057936668396,512,512
64,0.0,0.95,3,21.03036880493164,4.394274711608887,512,512
64,0.0,1.0,1,22.880327224731445,4.430346965789795,512,512
64,0.0,1.0,2,22.962989807128906,4.423151016235352,512,512
64,0.0,1.0,3,22.87922477722168,4.421260356903076,512,512
64,0.0,1.05,1,25.589876174926758,4.457489967346191,512,512
64,0.0,1.05,2,25.302902221679688,4.44724702835083,512,512
64,0.0,1.05,3,25.624414443969727,4.450243949890137,512,512
64,0.0,1.1,1,28.39962387084961,4.482433319091797,512,512
64,0.0,1.1,2,28.313209533691406,4.473668098449707,512,512
64,0.0,1.1,3,28.64691734313965,4.475961685180664,512,512
64,0.0,1.15,1,31.939380645751953,4.507643699645996,512,512
64,0.0,1.15,2,32.26484680175781,4.501068592071533,512,512
64,0.0,1.15,3,32.32169723510742,4.503407001495361,512,512
64,0.0,1.2,1,36.88861846923828,4.537299156188965,512,512
64,0.0,1.2,2,37.36680603027344,4.529898166656494,512,512
64,0.0,1.2,3,37.98483657836914,4.536845684051514,512,512
64,0.25,0.5,1,12.678474426269531,4.110135078430176,512,512
64,0.25,0.6,1,13.494353294372559,4.197408199310303,512,512
64,0.25,0.7,1,14.983651161193848,4.264919757843018,512,512
64,0.25,0.9,1,18.945938110351562,4.370971202850342,512,512
64,0.25,1.1,1,28.294921875,4.471014499664307,512,512
64,0.5,0.5,1,12.643157005310059,4.117262840270996,512,512
64,0.5,0.6,1,13.491223335266113,4.195816993713379,512,512
64,0.5,0.7,1,14.742884635925293,4.267436981201172,512,512
64,0.5,0.9,1,18.92177391052246,4.376278877258301,512,512
64,0.5,1.1,1,28.165996551513672,4.473711013793945,512,512
64,1.0,0.5,1,12.54332160949707,4.122711181640625,512,512
64,1.0,0.6,1,13.351618766784668,4.201111793518066,512,512
64,1.0,0.7,1,14.7139892578125,4.272100448608398,512,512
64,1.0,0.9,1,18.89812660217285,4.376659870147705,512,512
64,1.0,1.1,1,27.87298583984375,4.475812911987305,512,512
64,2.0,0.5,1,12.229469299316406,4.1343841552734375,512,512
64,2.0,0.6,1,13.172595977783203,4.204007148742676,512,512
64,2.0,0.7,1,14.412032127380371,4.273242950439453,512,512
64,2.0,0.9,1,18.76949691772461,4.373261451721191,512,512
64,2.0,1.1,1,27.532936096191406,4.469883441925049,512,512
64,4.0,0.5,1,12.129476547241211,4.125634670257568,512,512
64,4.0,0.6,1,12.918188095092773,4.201092720031738,512,512
64,4.0,0.7,1,14.35703182220459,4.269609451293945,512,512
64,4.0,0.9,1,18.737546920776367,4.379223346710205,512,512
64,4.0,1.1,1,28.79001808166504,4.479165554046631,512,512
64,8.0,0.5,1,11.848031997680664,4.135251522064209,512,512
64,8.0,0.6,1,12.692788124084473,4.206376075744629,512,512
64,8.0,0.7,1,14.003656387329102,4.270604133605957,512,512
64,8.0,0.9,1,17.956623077392578,4.372408390045166,512,512
64,8.0,1.1,1,27.88224983215332,4.477321624755859,512,512
64,16.0,0.5,1,11.6442232131958,4.145145416259766,512,512
64,16.0,0.5,2,11.727177619934082,4.174363136291504,512,512
64,16.0,0.5,3,11.691675186157227,4.108142852783203,512,512
64,16.0,0.55,1,12.049885749816895,4.18001127243042,512,512
64,16.0,0.55,2,12.191184997558594,4.201827526092529,512,512
64,16.0,0.55,3,12.155085563659668,4.146475791931152,512,512
64,16.0,0.6,1,12.53342342376709,4.2104620933532715,512,512
64,16.0,0.6,2,12.712092399597168,4.230043888092041,512,512
64,16.0,0.6,3,12.561068534851074,4.1783928871154785,512,512
64,16.0,0.65,1,13.121760368347168,4.2455668449401855,512,512
64,16.0,0.65,2,13.330729484558105,4.263471603393555,512,512
64,16.0,0.65,3,13.076927185058594,4.207511901855469,512,512
64,16.0,0.7,1,13.763677597045898,4.274979591369629,512,512
64,16.0,0.7,2,14.034527778625488,4.289238452911377,512,512
64,16.0,0.7,3,13.77764892578125,4.239920139312744,512,512
64,16.0,0.75,1,14.486156463623047,4.3099141120910645,512,512
64,16.0,0.75,2,14.680703163146973,4.312083721160889,512,512
64,16.0,0.75,3,14.513411521911621,4.275639533996582,512,512
64,16.0,0.8,1,15.407310485839844,4.332821369171143,512,512
64,16.0,0.8,2,15.60874080657959,4.335582733154297,512,512
64,16.0,0.8,3,15.579124450683594,4.306346893310547,512,512
64,16.0,0.85,1,16.595375061035156,4.356935977935791,512,512
64,16.0,0.85,2,16.954389572143555,4.360763072967529,512,512
64,16.0,0.85,3,16.878700256347656,4.336589813232422,512,512
64,16.0,0.9,1,18.15395164489746,4.375155448913574,512,512
64,16.0,0.9,2,18.30843162536621,4.382289409637451,512,512
64,16.0,0.9,3,18.296907424926758,4.366425037384033,512,512
64,16.0,0.95,1,19.338212966918945,4.397163391113281,512,512
64,16.0,0.95,2,20.1104679107666,4.40711784362793,512,512
64,16.0,0.95,3,19.89181900024414,4.392035007476807,512,512
64,16.0,1.0,1,22.116981506347656,4.424701690673828,512,512
64,16.0,1.0,2,22.26914405822754,4.432281017303467,512,512
64,16.0,1.0,3,22.250165939331055,4.421384811401367,512,512
64,16.0,1.05,1,24.7470760345459,4.4474053382873535,512,512
64,16.0,1.05,2,25.35780143737793,4.460545539855957,512,512
64,16.0,1.05,3,24.96367645263672,4.452603816986084,512,512
64,16.0,1.1,1,27.8757381439209,4.478142738342285,512,512
64,16.0,1.1,2,29.330459594726562,4.491200923919678,512,512
64,16.0,1.1,3,28.524826049804688,4.481112480163574,512,512
64,16.0,1.15,1,32.66960144042969,4.507560729980469,512,512
64,16.0,1.15,2,34.60251235961914,4.523181438446045,512,512
64,16.0,1.15,3,34.143123626708984,4.516080856323242,512,512
64,16.0,1.2,1,38.656097412109375,4.544009685516357,512,512
64,16.0,1.2,2,41.89081573486328,4.565302848815918,512,512
64,16.0,1.2,3,40.93726348876953,4.553712844848633,512,512
64,32.0,0.5,1,11.805254936218262,4.168942451477051,512,512
64,32.0,0.6,1,12.727188110351562,4.22812557220459,512,512
64,32.0,0.7,1,13.843437194824219,4.284219264984131,512,512
64,32.0,0.9,1,17.850706100463867,4.379350662231445,512,512
64,32.0,1.1,1,29.01749610900879,4.485729217529297,512,512
64,64.0,0.5,1,12.446566581726074,4.214384078979492,512,512
64,64.0,0.6,1,13.1961088180542,4.2595953941345215,512,512
64,64.0,0.7,1,14.55398178100586,4.309963703155518,512,512
64,64.0,0.9,1,19.15727424621582,4.4035773277282715,512,512
64,64.0,1.1,1,32.152278900146484,4.506322860717773,512,512
64,128.0,0.5,1,14.384387016296387,4.294862747192383,512,512
64,128.0,0.6,1,15.355506896972656,4.333837985992432,512,512
64,128.0,0.7,1,16.874250411987305,4.375021457672119,512,512
64,128.0,0.9,1,23.010292053222656,4.452284812927246,512,512
64,128.0,1.1,1,40.16889953613281,4.559967041015625,512,512
128,0.0,0.5,1,12.595687866210938,4.112491130828857,512,512
128,0.0,0.5,2,12.432013511657715,4.140295505523682,512,512
128,0.0,0.5,3,12.78823184967041,4.086943626403809,512,512
128,0.0,0.55,1,12.901701927185059,4.1558356285095215,512,512
128,0.0,0.55,2,12.89156436920166,4.1753668785095215,512,512
128,0.0,0.55,3,13.119059562683105,4.130551338195801,512,512
128,0.0,0.6,1,13.33007526397705,4.195700645446777,512,512
128,0.0,0.6,2,13.448113441467285,4.213562488555908,512,512
128,0.0,0.6,3,13.578007698059082,4.173527717590332,512,512
128,0.0,0.65,1,13.849752426147461,4.233504772186279,512,512
128,0.0,0.65,2,13.99797534942627,4.247246265411377,512,512
128,0.0,0.65,3,14.044307708740234,4.210803508758545,512,512
128,0.0,0.7,1,14.367473602294922,4.2639360427856445,512,512
128,0.0,0.7,2,14.800745964050293,4.277113914489746,512,512
128,0.0,0.7,3,14.747251510620117,4.2459797859191895,512,512
128,0.0,0.75,1,15.339794158935547,4.290988922119141,512,512
128,0.0,0.75,2,15.305604934692383,4.298551559448242,512,512
128,0.0,0.75,3,15.444636344909668,4.277054309844971,512,512
128,0.0,0.8,1,16.262229919433594,4.317946910858154,512,512
128,0.0,0.8,2,16.47159194946289,4.3274078369140625,512,512
128,0.0,0.8,3,16.531530380249023,4.309513092041016,512,512
128,0.0,0.85,1,17.468046188354492,4.349651336669922,512,512
128,0.0,0.85,2,17.449556350708008,4.348501205444336,512,512
128,0.0,0.85,3,17.45802116394043,4.338225364685059,512,512
128,0.0,0.9,1,18.783123016357422,4.375728130340576,512,512
128,0.0,0.9,2,18.57667350769043,4.370725631713867,512,512
128,0.0,0.9,3,18.740062713623047,4.3653564453125,512,512
128,0.0,0.95,1,20.313730239868164,4.400792121887207,512,512
128,0.0,0.95,2,20.151933670043945,4.392745018005371,512,512
128,0.0,0.95,3,20.353059768676758,4.390166282653809,512,512
128,0.0,1.0,1,21.96174430847168,4.4230499267578125,512,512
128,0.0,1.0,2,21.9432373046875,4.41942024230957,512,512
128,0.0,1.0,3,22.63955307006836,4.423451900482178,512,512
128,0.0,1.05,1,24.166889190673828,4.4459919929504395,512,512
128,0.0,1.05,2,24.200862884521484,4.443499565124512,512,512
128,0.0,1.05,3,24.947111129760742,4.450443267822266,512,512
128,0.0,1.1,1,26.944189071655273,4.474498748779297,512,512
128,0.0,1.1,2,26.854570388793945,4.465053081512451,512,512
128,0.0,1.1,3,28.172086715698242,4.479238986968994,512,512
128,0.0,1.15,1,30.3702449798584,4.500558853149414,512,512
128,0.0,1.15,2,30.029769897460938,4.488609790802002,512,512
128,0.0,1.15,3,31.975831985473633,4.51092529296875,512,512
128,0.0,1.2,1,35.06062698364258,4.529730319976807,512,512
128,0.0,1.2,2,34.68510055541992,4.521291255950928,512,512
128,0.0,1.2,3,36.58066177368164,4.537950038909912,512,512
128,1.0,0.5,1,12.178542137145996,4.129272937774658,512,512
128,1.0,0.6,1,12.990121841430664,4.2044677734375,512,512
128,1.0,0.7,1,14.16018295288086,4.268731594085693,512,512
128,2.0,0.5,1,12.075335502624512,4.119421005249023,512,512
128,2.0,0.6,1,12.929628372192383,4.195691108703613,512,512
128,2.0,0.7,1,14.227136611938477,4.264273643493652,512,512
128,4.0,0.5,1,11.74225902557373,4.1349196434021,512,512
128,4.0,0.6,1,12.533935546875,4.2079949378967285,512,512
128,4.0,0.7,1,13.804262161254883,4.2667694091796875,512,512
128,8.0,0.5,1,11.51646900177002,4.140822410583496,512,512
128,8.0,0.6,1,12.374968528747559,4.20813512802124,512,512
128,8.0,0.7,1,13.551448822021484,4.273095607757568,512,512
128,16.0,0.5,1,10.984601020812988,4.141168117523193,512,512
128,16.0,0.6,1,11.938586235046387,4.205438137054443,512,512
128,16.0,0.7,1,12.850113868713379,4.2722063064575195,512,512
128,32.0,0.5,1,10.868060111999512,4.166499137878418,512,512
128,32.0,0.5,2,11.006197929382324,4.175114154815674,512,512
128,32.0,0.5,3,11.115169525146484,4.127113342285156,512,512
128,32.0,0.55,1,11.209654808044434,4.189780235290527,512,512
128,32.0,0.55,2,11.298578262329102,4.202172756195068,512,512
128,32.0,0.55,3,11.407893180847168,4.155385494232178,512,512
128,32.0,0.6,1,11.441224098205566,4.217589855194092,512,512
128,32.0,0.6,2,11.585601806640625,4.226921558380127,512,512
128,32.0,0.6,3,11.760547637939453,4.192392826080322,512,512
128,32.0,0.65,1,11.946065902709961,4.2427077293396,512,512
128,32.0,0.65,2,12.0972261428833,4.256208419799805,512,512
128,32.0,0.65,3,12.268620491027832,4.220129013061523,512,512
128,32.0,0.7,1,12.351444244384766,4.273616790771484,512,512
128,32.0,0.7,2,12.51405143737793,4.278003215789795,512,512
128,32.0,0.7,3,12.805473327636719,4.256150245666504,512,512
128,32.0,0.75,1,13.1492280960083,4.298672199249268,512,512
128,32.0,0.75,2,13.305014610290527,4.302297115325928,512,512
128,32.0,0.75,3,13.263188362121582,4.284191608428955,512,512
128,32.0,0.8,1,13.946171760559082,4.325953006744385,512,512
128,32.0,0.8,2,13.939606666564941,4.322650909423828,512,512
128,32.0,0.8,3,14.032620429992676,4.3142523765563965,512,512
128,32.0,0.85,1,14.899299621582031,4.346973419189453,512,512
128,32.0,0.85,2,14.857193946838379,4.346261978149414,512,512
128,32.0,0.85,3,14.981189727783203,4.337142467498779,512,512
128,32.0,0.9,1,16.008134841918945,4.368962287902832,512,512
128,32.0,0.9,2,15.90796184539795,4.369859218597412,512,512
128,32.0,0.9,3,16.102405548095703,4.369288921356201,512,512
128,32.0,0.95,1,17.30963897705078,4.39044713973999,512,512
128,32.0,0.95,2,17.252588272094727,4.386158466339111,512,512
128,32.0,0.95,3,17.5626277923584,4.393072128295898,512,512
128,32.0,1.0,1,18.946063995361328,4.407528877258301,512,512
128,32.0,1.0,2,18.910585403442383,4.404300689697266,512,512
128,32.0,1.0,3,19.452680587768555,4.416112899780273,512,512
128,32.0,1.05,1,21.185047149658203,4.433341026306152,512,512
128,32.0,1.05,2,21.055936813354492,4.434504508972168,512,512
128,32.0,1.05,3,21.78525733947754,4.440005779266357,512,512
128,32.0,1.1,1,23.86161231994629,4.454296588897705,512,512
128,32.0,1.1,2,24.393783569335938,4.466027736663818,512,512
128,32.0,1.1,3,24.811784744262695,4.468059539794922,512,512
128,32.0,1.15,1,27.781780242919922,4.483438968658447,512,512
128,32.0,1.15,2,28.47334861755371,4.497256755828857,512,512
128,32.0,1.15,3,29.629657745361328,4.50480318069458,512,512
128,32.0,1.2,1,33.26498794555664,4.520746231079102,512,512
128,32.0,1.2,2,34.14613723754883,4.530519962310791,512,512
128,32.0,1.2,3,35.66187286376953,4.540319442749023,512,512
128,64.0,0.5,1,11.060307502746582,4.180929183959961,512,512
128,64.0,0.6,1,11.754651069641113,4.230545520782471,512,512
128,64.0,0.7,1,12.372001647949219,4.273911476135254,512,512
128,128.0,0.5,1,11.31706428527832,4.216009140014648,512,512
128,128.0,0.6,1,11.98635482788086,4.255997657775879,512,512
128,128.0,0.7,1,12.807106018066406,4.297143936157227,512,512
256,0.0,0.5,1,12.330144882202148,4.121330261230469,512,512
256,0.0,0.5,2,12.38191032409668,4.1406049728393555,512,512
256,0.0,0.5,3,12.5997314453125,4.077881336212158,512,512
256,0.0,0.55,1,12.775533676147461,4.162097930908203,512,512
256,0.0,0.55,2,12.757872581481934,4.176417350769043,512,512
256,0.0,0.55,3,13.059731483459473,4.123931407928467,512,512
256,0.0,0.6,1,13.269021034240723,4.202545642852783,512,512
256,0.0,0.6,2,13.276508331298828,4.213192939758301,512,512
256,0.0,0.6,3,13.496882438659668,4.16934871673584,512,512
256,0.0,0.65,1,13.82405948638916,4.238189697265625,512,512
256,0.0,0.65,2,13.821320533752441,4.24691104888916,512,512
256,0.0,0.65,3,13.959708213806152,4.207494735717773,512,512
256,0.0,0.7,1,14.381863594055176,4.267140865325928,512,512
256,0.0,0.7,2,14.638622283935547,4.275689601898193,512,512
256,0.0,0.7,3,14.437198638916016,4.240960121154785,512,512
256,0.0,0.75,1,15.085124969482422,4.2971272468566895,512,512
256,0.0,0.75,2,15.332829475402832,4.299904823303223,512,512
256,0.0,0.75,3,15.629003524780273,4.276486396789551,512,512
256,0.0,0.8,1,16.044557571411133,4.326465606689453,512,512
256,0.0,0.8,2,16.289791107177734,4.325446128845215,512,512
256,0.0,0.8,3,16.53742218017578,4.311419486999512,512,512
256,0.0,0.85,1,17.048601150512695,4.351312160491943,512,512
256,0.0,0.85,2,17.226905822753906,4.348089694976807,512,512
256,0.0,0.85,3,17.628082275390625,4.340293884277344,512,512
256,0.0,0.9,1,18.32855796813965,4.376143455505371,512,512
256,0.0,0.9,2,18.477710723876953,4.372619152069092,512,512
256,0.0,0.9,3,18.854158401489258,4.370728969573975,512,512
256,0.0,0.95,1,19.871307373046875,4.39824104309082,512,512
256,0.0,0.95,2,20.07891082763672,4.400576114654541,512,512
256,0.0,0.95,3,20.477203369140625,4.395770072937012,512,512
256,0.0,1.0,1,21.71107292175293,4.420987606048584,512,512
256,0.0,1.0,2,21.462987899780273,4.416794776916504,512,512
256,0.0,1.0,3,21.82242774963379,4.4149250984191895,512,512
256,0.0,1.05,1,23.78193473815918,4.443451881408691,512,512
256,0.0,1.05,2,23.803483963012695,4.441242218017578,512,512
256,0.0,1.05,3,24.263078689575195,4.443082809448242,512,512
256,0.0,1.1,1,26.456912994384766,4.47071647644043,512,512
256,0.0,1.1,2,26.48085594177246,4.46278190612793,512,512
256,0.0,1.1,3,27.004474639892578,4.469759464263916,512,512
256,0.0,1.15,1,29.65916633605957,4.497259616851807,512,512
256,0.0,1.15,2,29.31169891357422,4.485751152038574,512,512
256,0.0,1.15,3,30.556869506835938,4.496860027313232,512,512
256,0.0,1.2,1,34.27127456665039,4.526266098022461,512,512
256,0.0,1.2,2,33.9002799987793,4.51809549331665,512,512
256,0.0,1.2,3,35.41370391845703,4.527964115142822,512,512
256,16.0,0.5,1,10.986845016479492,4.147646427154541,512,512
256,32.0,0.5,1,10.637040138244629,4.152122497558594,512,512
256,64.0,0.5,1,10.493239402770996,4.168084144592285,512,512
256,64.0,0.5,2,10.465658187866211,4.1820292472839355,512,512
256,64.0,0.5,3,10.681381225585938,4.151238441467285,512,512
256,64.0,0.55,1,10.735238075256348,4.193330764770508,512,512
256,64.0,0.55,2,10.75245475769043,4.203856468200684,512,512
256,64.0,0.55,3,10.820968627929688,4.1732869148254395,512,512
256,64.0,0.6,1,10.971843719482422,4.213531017303467,512,512
256,64.0,0.6,2,10.928194046020508,4.2246856689453125,512,512
256,64.0,0.6,3,11.174490928649902,4.193909168243408,512,512
256,64.0,0.65,1,11.19244384765625,4.238830089569092,512,512
256,64.0,0.65,2,11.290639877319336,4.243817329406738,512,512
256,64.0,0.65,3,11.366172790527344,4.225111961364746,512,512
256,64.0,0.7,1,11.543303489685059,4.260362148284912,512,512
256,64.0,0.7,2,11.538057327270508,4.260265350341797,512,512
256,64.0,0.7,3,11.611689567565918,4.246687889099121,512,512
256,64.0,0.75,1,12.11719799041748,4.28609037399292,512,512
256,64.0,0.75,2,11.943933486938477,4.280578136444092,512,512
256,64.0,0.75,3,12.104153633117676,4.273252964019775,512,512
256,64.0,0.8,1,12.546525001525879,4.303410053253174,512,512
256,64.0,0.8,2,12.485468864440918,4.30514669418335,512,512
256,64.0,0.8,3,12.70937442779541,4.302130222320557,512,512
256,64.0,0.85,1,13.295051574707031,4.328568458557129,512,512
256,64.0,0.85,2,13.312591552734375,4.326345920562744,512,512
256,64.0,0.85,3,13.456843376159668,4.322763919830322,512,512
256,64.0,0.9,1,14.218801498413086,4.340402126312256,512,512
256,64.0,0.9,2,14.0830659866333,4.34157133102417,512,512
256,64.0,0.9,3,14.488222122192383,4.341165542602539,512,512
256,64.0,0.95,1,15.191604614257812,4.3623151779174805,512,512
256,64.0,0.95,2,15.0194730758667,4.365349292755127,512,512
256,64.0,0.95,3,15.293950080871582,4.364500522613525,512,512
256,64.0,1.0,1,16.518674850463867,4.381397724151611,512,512
256,64.0,1.0,2,16.45816993713379,4.3900556564331055,512,512
256,64.0,1.0,3,16.69976234436035,4.387691020965576,512,512
256,64.0,1.05,1,18.218984603881836,4.403738021850586,512,512
256,64.0,1.05,2,18.200069427490234,4.413939476013184,512,512
256,64.0,1.05,3,18.537307739257812,4.415503025054932,512,512
256,64.0,1.1,1,20.476055145263672,4.438843727111816,512,512
256,64.0,1.1,2,20.995386123657227,4.4475860595703125,512,512
256,64.0,1.1,3,20.988588333129883,4.435598850250244,512,512
256,64.0,1.15,1,23.72125816345215,4.463994979858398,512,512
256,64.0,1.15,2,23.558069229125977,4.473189353942871,512,512
256,64.0,1.15,3,24.302236557006836,4.4687299728393555,512,512
256,64.0,1.2,1,28.247146606445312,4.4959259033203125,512,512
256,64.0,1.2,2,29.919857025146484,4.520994663238525,512,512
256,64.0,1.2,3,29.55435562133789,4.504533290863037,512,512
256,128.0,0.5,1,10.425580024719238,4.176770210266113,512,512
256,256.0,0.5,1,10.359302520751953,4.191579341888428,512,512
