method,gt,eta,seed,nfe,gen_ppl,entropy,num_unique,num_samples
eflm,const,0.25,1,16,11.787317276000977,3.8221492767333984,512,512
eflm,const,0.5,1,16,11.624434471130371,3.8583924770355225,512,512
eflm,const,1.0,1,16,13.34888744354248,3.950700521469116,512,512
eflm,const,2.0,1,16,44.610511779785156,4.221790313720703,512,512
eflm,const,4.0,1,16,260.32916259765625,3.908076047897339,512,512
eflm,const,8.0,1,16,6275.47705078125,4.407478332519531,512,512
eflm,const,16.0,1,16,14399.3984375,5.391895771026611,512,512
eflm,const,32.0,1,16,14517.92578125,5.391617774963379,512,512
eflm,const,0.25,1,64,10.057950973510742,3.8351199626922607,512,512
eflm,const,0.5,1,64,9.850850105285645,3.874579668045044,512,512
eflm,const,1.0,1,64,9.459583282470703,3.9060399532318115,512,512
eflm,const,2.0,1,64,9.681488990783691,3.972121000289917,512,512
eflm,const,4.0,1,64,11.679486274719238,4.073379039764404,512,512
eflm,const,8.0,1,64,164.87355041503906,4.545166015625,512,512
eflm,const,16.0,1,64,5321.06982421875,4.593080043792725,512,512
eflm,const,32.0,1,64,14505.0,5.392783164978027,512,512
eflm,linear,0.25,1,4,32.46086883544922,3.553088665008545,512,512
eflm,linear,0.25,2,4,29.943876266479492,3.550253391265869,512,512
eflm,linear,0.25,3,4,36.538597106933594,3.3203301429748535,512,512
eflm,linear,0.5,1,4,33.927833557128906,3.637300491333008,512,512
eflm,linear,0.5,2,4,32.084285736083984,3.6261305809020996,512,512
eflm,linear,0.5,3,4,37.62538146972656,3.468705415725708,512,512
eflm,linear,1.0,1,4,36.721988677978516,3.7264864444732666,512,512
eflm,linear,1.0,2,4,34.46335220336914,3.745271682739258,512,512
eflm,linear,1.0,3,4,38.79334259033203,3.620971441268921,512,512
eflm,linear,2.0,1,4,41.46000671386719,3.8327503204345703,512,512
eflm,linear,2.0,2,4,39.608943939208984,3.8408615589141846,512,512
eflm,linear,2.0,3,4,41.564266204833984,3.7451789379119873,512,512
eflm,linear,4.0,1,4,50.944847106933594,3.918692111968994,512,512
eflm,linear,4.0,2,4,50.162567138671875,3.938588857650757,512,512
eflm,linear,4.0,3,4,50.230403900146484,3.832535743713379,512,512
eflm,linear,8.0,1,4,108.30557250976562,4.089465141296387,512,512
eflm,linear,8.0,2,4,109.41880798339844,4.081392765045166,512,512
eflm,linear,8.0,3,4,105.45051574707031,3.9754528999328613,512,512
eflm,linear,16.0,1,4,310.6795349121094,3.904876232147217,512,512
eflm,linear,16.0,2,4,562.74365234375,3.7969443798065186,512,512
eflm,linear,16.0,3,4,330.2733459472656,4.028144359588623,512,512
eflm,linear,32.0,1,4,13693.6142578125,3.229609966278076,512,512
eflm,linear,32.0,2,4,5066.78271484375,4.583487510681152,512,512
eflm,linear,32.0,3,4,26604.58984375,3.8837063312530518,512,512
eflm,linear,0.25,1,8,15.972046852111816,3.7025392055511475,512,512
eflm,linear,0.25,2,8,15.138176918029785,3.7438175678253174,512,512
eflm,linear,0.25,3,8,17.980995178222656,3.6387791633605957,512,512
eflm,linear,0.5,1,8,16.08175277709961,3.7296767234802246,512,512
eflm,linear,0.5,2,8,15.291766166687012,3.7665867805480957,512,512
eflm,linear,0.5,3,8,17.619070053100586,3.6745073795318604,512,512
eflm,linear,1.0,1,8,16.256853103637695,3.7776522636413574,512,512
eflm,linear,1.0,2,8,15.590517044067383,3.8176467418670654,512,512
eflm,linear,1.0,3,8,17.492267608642578,3.747183084487915,512,512
eflm,linear,2.0,1,8,16.875505447387695,3.847618579864502,512,512
eflm,linear,2.0,2,8,16.20884895324707,3.8886845111846924,512,512
eflm,linear,2.0,3,8,17.78742790222168,3.8091156482696533,512,512
eflm,linear,4.0,1,8,17.93657684326172,3.9188756942749023,512,512
eflm,linear,4.0,2,8,17.110071182250977,3.9446892738342285,512,512
eflm,linear,4.0,3,8,18.653186798095703,3.8840854167938232,512,512
eflm,linear,8.0,1,8,20.99249839782715,4.0188751220703125,512,512
eflm,linear,8.0,2,8,20.856801986694336,4.057761192321777,512,512
eflm,linear,8.0,3,8,21.03888511657715,3.976996898651123,512,512
eflm,linear,16.0,1,8,36.847965240478516,4.262240886688232,512,512
eflm,linear,16.0,2,8,37.5306282043457,4.280451774597168,512,512
eflm,linear,16.0,3,8,34.77388000488281,4.1973347663879395,512,512
eflm,linear,32.0,1,8,147.51429748535156,4.409615516662598,512,512
eflm,linear,32.0,2,8,154.4796600341797,4.402260780334473,512,512
eflm,linear,32.0,3,8,146.28219604492188,4.32175350189209,512,512
eflm,linear,0.25,1,16,12.776346206665039,3.767714262008667,512,512
eflm,linear,0.5,1,16,12.830671310424805,3.777130603790283,512,512
eflm,linear,0.5,2,16,12.182648658752441,3.8112571239471436,512,512
eflm,linear,0.5,3,16,13.446859359741211,3.7664761543273926,512,512
eflm,linear,1.0,1,16,12.583576202392578,3.7936129570007324,512,512
eflm,linear,1.0,2,16,12.144145011901855,3.8323605060577393,512,512
eflm,linear,1.0,3,16,13.147577285766602,3.783267021179199,512,512
eflm,linear,2.0,1,16,12.594075202941895,3.837087631225586,512,512
eflm,linear,2.0,2,16,12.053773880004883,3.8662049770355225,512,512
eflm,linear,2.0,3,16,13.040388107299805,3.814117193222046,512,512
eflm,linear,4.0,1,16,12.393797874450684,3.883772373199463,512,512
eflm,linear,4.0,2,16,12.272350311279297,3.9012513160705566,512,512
eflm,linear,4.0,3,16,13.0346097946167,3.8645594120025635,512,512
eflm,linear,8.0,1,16,12.679574012756348,3.9320669174194336,512,512
eflm,linear,8.0,2,16,12.371275901794434,3.9599061012268066,512,512
eflm,linear,8.0,3,16,12.68834400177002,3.9172616004943848,512,512
eflm,linear,16.0,1,16,14.081215858459473,4.029691219329834,512,512
eflm,linear,16.0,2,16,14.083891868591309,4.069528579711914,512,512
eflm,linear,16.0,3,16,13.907442092895508,4.009183406829834,512,512
eflm,linear,32.0,1,16,19.839519500732422,4.220792770385742,512,512
eflm,linear,32.0,2,16,20.269323348999023,4.2526631355285645,512,512
eflm,linear,32.0,3,16,19.11952018737793,4.174681663513184,512,512
eflm,linear,64.0,1,16,62.26607894897461,4.464488506317139,512,512
eflm,linear,64.0,2,16,64.90319061279297,4.463165283203125,512,512
eflm,linear,64.0,3,16,60.4327392578125,4.423584938049316,512,512
eflm,linear,0.5,1,32,11.59068775177002,3.792100191116333,512,512
eflm,linear,0.5,2,32,11.108149528503418,3.8267550468444824,512,512
eflm,linear,0.5,3,32,11.984127044677734,3.7651476860046387,512,512
eflm,linear,1.0,1,32,11.399738311767578,3.8071343898773193,512,512
eflm,linear,1.0,2,32,10.842265129089355,3.8329861164093018,512,512
eflm,linear,1.0,3,32,11.700576782226562,3.7916486263275146,512,512
eflm,linear,2.0,1,32,11.27527904510498,3.8420000076293945,512,512
eflm,linear,2.0,2,32,10.73487663269043,3.8579232692718506,512,512
eflm,linear,2.0,3,32,11.536808013916016,3.814103603363037,512,512
eflm,linear,4.0,1,32,10.923726081848145,3.867640733718872,512,512
eflm,linear,4.0,2,32,10.717881202697754,3.8905107975006104,512,512
eflm,linear,4.0,3,32,11.046927452087402,3.8524529933929443,512,512
eflm,linear,8.0,1,32,10.962994575500488,3.918074131011963,512,512
eflm,linear,8.0,2,32,10.61775016784668,3.930608034133911,512,512
eflm,linear,8.0,3,32,10.815865516662598,3.8920211791992188,512,512
eflm,linear,16.0,1,32,11.175748825073242,3.9834423065185547,512,512
eflm,linear,16.0,2,32,10.839398384094238,3.9880051612854004,512,512
eflm,linear,16.0,3,32,10.991827011108398,3.951140880584717,512,512
eflm,linear,32.0,1,32,12.216769218444824,4.076722621917725,512,512
eflm,linear,32.0,2,32,12.038695335388184,4.09401273727417,512,512
eflm,linear,32.0,3,32,11.85180950164795,4.039859771728516,512,512
eflm,linear,64.0,1,32,15.409496307373047,4.231654644012451,512,512
eflm,linear,64.0,2,32,15.517818450927734,4.239429950714111,512,512
eflm,linear,64.0,3,32,14.524709701538086,4.164761543273926,512,512
eflm,linear,0.25,1,64,11.438286781311035,3.805879592895508,512,512
eflm,linear,0.5,1,64,11.215370178222656,3.8055949211120605,512,512
eflm,linear,1.0,1,64,11.109521865844727,3.8244240283966064,512,512
eflm,linear,1.0,2,64,10.573761940002441,3.846778631210327,512,512
eflm,linear,1.0,3,64,11.361591339111328,3.8018383979797363,512,512
eflm,linear,2.0,1,64,10.840874671936035,3.8386263847351074,512,512
eflm,linear,2.0,2,64,10.375428199768066,3.8593051433563232,512,512
eflm,linear,2.0,3,64,10.944550514221191,3.823591947555542,512,512
eflm,linear,4.0,1,64,10.389193534851074,3.8628714084625244,512,512
eflm,linear,4.0,2,64,10.07691764831543,3.88989520072937,512,512
eflm,linear,4.0,3,64,10.578496932983398,3.8510024547576904,512,512
eflm,linear,8.0,1,64,10.139680862426758,3.8989386558532715,512,512
eflm,linear,8.0,2,64,9.87502670288086,3.926921844482422,512,512
eflm,linear,8.0,3,64,10.353926658630371,3.8909828662872314,512,512
eflm,linear,16.0,1,64,10.052827835083008,3.9461050033569336,512,512
eflm,linear,16.0,2,64,9.928316116333008,3.9811465740203857,512,512
eflm,linear,16.0,3,64,10.184326171875,3.9430558681488037,512,512
eflm,linear,32.0,1,64,10.40884017944336,4.0224289894104,512,512
eflm,linear,32.0,2,64,10.466943740844727,4.056950569152832,512,512
eflm,linear,32.0,3,64,10.380066871643066,4.005652904510498,512,512
eflm,linear,64.0,1,64,11.290594100952148,4.108073711395264,512,512
eflm,linear,64.0,2,64,11.166511535644531,4.132599353790283,512,512
eflm,linear,64.0,3,64,10.989069938659668,4.072325706481934,512,512
eflm,linear,128.0,1,64,13.201461791992188,4.225947856903076,512,512
eflm,linear,128.0,2,64,13.217287063598633,4.244375228881836,512,512
eflm,linear,128.0,3,64,12.766605377197266,4.162968158721924,512,512
eflm,linear,1.0,1,128,10.696467399597168,3.821577548980713,512,512
eflm,linear,1.0,2,128,10.322505950927734,3.840646505355835,512,512
eflm,linear,1.0,3,128,11.017163276672363,3.804917812347412,512,512
eflm,linear,2.0,1,128,10.488299369812012,3.8357608318328857,512,512
eflm,linear,2.0,2,128,10.077210426330566,3.85595440864563,512,512
eflm,linear,2.0,3,128,10.687346458435059,3.8196043968200684,512,512
eflm,linear,4.0,1,128,10.097670555114746,3.861625909805298,512,512
eflm,linear,4.0,2,128,9.883319854736328,3.8889760971069336,512,512
eflm,linear,4.0,3,128,10.228387832641602,3.846747875213623,512,512
eflm,linear,8.0,1,128,9.78442668914795,3.9045400619506836,512,512
eflm,linear,8.0,2,128,9.54666519165039,3.9130780696868896,512,512
eflm,linear,8.0,3,128,9.895668029785156,3.881350040435791,512,512
eflm,linear,16.0,1,128,9.762462615966797,3.945452928543091,512,512
eflm,linear,16.0,2,128,9.62450122833252,3.9640161991119385,512,512
eflm,linear,16.0,3,128,9.65949535369873,3.925436019897461,512,512
eflm,linear,32.0,1,128,9.839956283569336,4.00258731842041,512,512
eflm,linear,32.0,2,128,9.77920913696289,4.024038314819336,512,512
eflm,linear,32.0,3,128,9.75764274597168,3.9952685832977295,512,512
eflm,linear,64.0,1,128,10.186554908752441,4.07531213760376,512,512
eflm,linear,64.0,2,128,10.19611644744873,4.094801902770996,512,512
eflm,linear,64.0,3,128,10.00541877746582,4.049982070922852,512,512
eflm,linear,128.0,1,128,10.522375106811523,4.130406379699707,512,512
eflm,linear,128.0,2,128,10.566377639770508,4.142292022705078,512,512
eflm,linear,128.0,3,128,10.489114761352539,4.098363876342773,512,512
eflm,linear,1.0,1,256,10.615519523620605,3.8273191452026367,512,512
eflm,linear,1.0,2,256,10.274282455444336,3.8561620712280273,512,512
eflm,linear,1.0,3,256,11.108531951904297,3.8153634071350098,512,512
eflm,linear,2.0,1,256,10.408487319946289,3.839918851852417,512,512
eflm,linear,2.0,2,256,9.99854850769043,3.8685967922210693,512,512
eflm,linear,2.0,3,256,10.57211685180664,3.8336589336395264,512,512
eflm,linear,4.0,1,256,10.003381729125977,3.857632637023926,512,512
eflm,linear,4.0,2,256,9.805949211120605,3.887805700302124,512,512
eflm,linear,4.0,3,256,10.15334415435791,3.849177837371826,512,512
eflm,linear,8.0,1,256,9.75333309173584,3.894881010055542,512,512
eflm,linear,8.0,2,256,9.568488121032715,3.9185056686401367,512,512
eflm,linear,8.0,3,256,9.784394264221191,3.8789844512939453,512,512
eflm,linear,16.0,1,256,9.528599739074707,3.9394216537475586,512,512
eflm,linear,16.0,2,256,9.438443183898926,3.9658684730529785,512,512
eflm,linear,16.0,3,256,9.574819564819336,3.927312135696411,512,512
eflm,linear,32.0,1,256,9.587214469909668,3.9984536170959473,512,512
eflm,linear,32.0,2,256,9.402349472045898,4.029279708862305,512,512
eflm,linear,32.0,3,256,9.710112571716309,3.9936535358428955,512,512
eflm,linear,64.0,1,256,9.62183952331543,4.055812358856201,512,512
eflm,linear,64.0,2,256,9.758834838867188,4.081371307373047,512,512
eflm,linear,64.0,3,256,9.850061416625977,4.044338226318359,512,512
eflm,linear,128.0,1,256,9.85912799835205,4.099802017211914,512,512
eflm,linear,128.0,2,256,9.798088073730469,4.111626625061035,512,512
eflm,linear,128.0,3,256,9.860461235046387,4.077999591827393,512,512
eflm,ode,0.0,1,4,32.65692138671875,3.4467051029205322,512,512
eflm,ode,0.0,2,4,28.789592742919922,3.4276559352874756,512,512
eflm,ode,0.0,3,4,38.643611907958984,3.104759693145752,512,512
eflm,ode,0.0,1,8,16.05211639404297,3.7007505893707275,512,512
eflm,ode,0.0,2,8,14.985391616821289,3.725158452987671,512,512
eflm,ode,0.0,3,8,18.35137367248535,3.6043996810913086,512,512
eflm,ode,0.0,1,16,12.900927543640137,3.760690689086914,512,512
eflm,ode,0.0,2,16,12.3447265625,3.7794270515441895,512,512
eflm,ode,0.0,3,16,13.94081974029541,3.7224714756011963,512,512
eflm,ode,0.0,1,32,11.978767395019531,3.787994384765625,512,512
eflm,ode,0.0,2,32,11.453145980834961,3.805396318435669,512,512
eflm,ode,0.0,3,32,12.564374923706055,3.7553532123565674,512,512
eflm,ode,0.0,1,64,11.52588176727295,3.796347141265869,512,512
eflm,ode,0.0,2,64,11.131217002868652,3.822685480117798,512,512
eflm,ode,0.0,3,64,12.132196426391602,3.7703824043273926,512,512
eflm,ode,0.0,1,128,11.331814765930176,3.8010191917419434,512,512
eflm,ode,0.0,2,128,10.97102165222168,3.8272435665130615,512,512
eflm,ode,0.0,3,128,11.92935848236084,3.7769229412078857,512,512
eflm,ode,0.0,1,180,11.289341926574707,3.80141019821167,512,512
eflm,ode,0.0,2,180,10.905990600585938,3.834801435470581,512,512
eflm,ode,0.0,3,180,11.87955379486084,3.7795865535736084,512,512
eflm,ode,0.0,1,256,11.206276893615723,3.805044174194336,512,512
eflm,ode,0.0,2,256,10.965935707092285,3.830709218978882,512,512
eflm,ode,0.0,3,256,11.811729431152344,3.781620502471924,512,512
eflm,p75,1.0,1,16,12.30012321472168,3.816051959991455,512,512
eflm,p75,1.0,2,16,11.629549026489258,3.842561960220337,512,512
eflm,p75,1.0,3,16,12.894155502319336,3.801992893218994,512,512
eflm,p75,2.0,1,16,12.325124740600586,3.8632640838623047,512,512
eflm,p75,2.0,2,16,11.56909465789795,3.8863365650177,512,512
eflm,p75,2.0,3,16,12.460295677185059,3.8395297527313232,512,512
eflm,p75,4.0,1,16,12.48304271697998,3.910802125930786,512,512
eflm,p75,4.0,2,16,11.986048698425293,3.9378256797790527,512,512
eflm,p75,4.0,3,16,12.343059539794922,3.8990399837493896,512,512
eflm,p75,8.0,1,16,13.51121997833252,4.008194923400879,512,512
eflm,p75,8.0,2,16,13.368783950805664,4.025083065032959,512,512
eflm,p75,8.0,3,16,13.181537628173828,3.9765608310699463,512,512
eflm,p75,16.0,1,16,19.22981834411621,4.194303512573242,512,512
eflm,p75,16.0,2,16,19.559207916259766,4.208606719970703,512,512
eflm,p75,16.0,3,16,18.34503173828125,4.140791893005371,512,512
eflm,p75,32.0,1,16,68.47012329101562,4.491335868835449,512,512
eflm,p75,32.0,2,16,69.13542938232422,4.480244159698486,512,512
eflm,p75,32.0,3,16,61.0307731628418,4.434250831604004,512,512
eflm,p75,64.0,1,16,13113.8896484375,5.368744850158691,512,512
eflm,p75,64.0,2,16,15558.373046875,5.3912672996521,512,512
eflm,p75,64.0,3,16,9938.26171875,5.321235656738281,512,512
eflm,p75,1.0,1,64,10.745583534240723,3.836945056915283,512,512
eflm,p75,1.0,2,64,10.252654075622559,3.852609634399414,512,512
eflm,p75,1.0,3,64,10.696622848510742,3.8130741119384766,512,512
eflm,p75,2.0,1,64,10.389022827148438,3.858952760696411,512,512
eflm,p75,2.0,2,64,9.905013084411621,3.872856616973877,512,512
eflm,p75,2.0,3,64,10.405678749084473,3.83142352104187,512,512
eflm,p75,4.0,1,64,10.032346725463867,3.8846335411071777,512,512
eflm,p75,4.0,2,64,9.742486953735352,3.9041969776153564,512,512
eflm,p75,4.0,3,64,9.91948413848877,3.8710124492645264,512,512
eflm,p75,8.0,1,64,9.874238014221191,3.937288522720337,512,512
eflm,p75,8.0,2,64,9.629212379455566,3.953998327255249,512,512
eflm,p75,8.0,3,64,9.82912826538086,3.9206082820892334,512,512
eflm,p75,16.0,1,64,10.131982803344727,4.001237392425537,512,512
eflm,p75,16.0,2,64,10.000794410705566,4.025599002838135,512,512
eflm,p75,16.0,3,64,10.123188018798828,3.9957168102264404,512,512
eflm,p75,32.0,1,64,11.1422119140625,4.095068454742432,512,512
eflm,p75,32.0,2,64,10.97396469116211,4.118868350982666,512,512
eflm,p75,32.0,3,64,10.94719409942627,4.0746307373046875,512,512
eflm,p75,64.0,1,64,13.35896110534668,4.219349384307861,512,512
eflm,p75,64.0,2,64,13.357582092285156,4.227653503417969,512,512
eflm,p75,64.0,3,64,12.811495780944824,4.169487953186035,512,512
eflm,p75,1.0,1,128,10.551547050476074,3.834392786026001,512,512
eflm,p75,1.0,2,128,10.05734920501709,3.855835199356079,512,512
eflm,p75,1.0,3,128,10.540760040283203,3.8118224143981934,512,512
eflm,p75,2.0,1,128,10.117302894592285,3.8557114601135254,512,512
eflm,p75,2.0,2,128,9.72636890411377,3.8736495971679688,512,512
eflm,p75,2.0,3,128,10.213961601257324,3.8349862098693848,512,512
eflm,p75,4.0,1,128,9.723838806152344,3.89115834236145,512,512
eflm,p75,4.0,2,128,9.54211711883545,3.9087531566619873,512,512
eflm,p75,4.0,3,128,9.718287467956543,3.868161916732788,512,512
eflm,p75,8.0,1,128,9.543563842773438,3.9285850524902344,512,512
eflm,p75,8.0,2,128,9.424242973327637,3.946132183074951,512,512
eflm,p75,8.0,3,128,9.454737663269043,3.9178903102874756,512,512
eflm,p75,16.0,1,128,9.573453903198242,3.998870611190796,512,512
eflm,p75,16.0,2,128,9.61796760559082,4.004740238189697,512,512
eflm,p75,16.0,3,128,9.62820053100586,3.9777328968048096,512,512
eflm,p75,32.0,1,128,9.78999137878418,4.056475639343262,512,512
eflm,p75,32.0,2,128,9.972265243530273,4.078936576843262,512,512
eflm,p75,32.0,3,128,9.965300559997559,4.040014743804932,512,512
eflm,p75,64.0,1,128,10.451706886291504,4.116679668426514,512,512
eflm,p75,64.0,2,128,10.583808898925781,4.138342380523682,512,512
eflm,p75,64.0,3,128,10.37122917175293,4.10335636138916,512,512
eflm,quad,0.25,1,16,12.825504302978516,3.7550642490386963,512,512
eflm,quad,0.5,1,16,12.958512306213379,3.7573843002319336,512,512
eflm,quad,1.0,1,16,12.97308349609375,3.7683210372924805,512,512
eflm,quad,2.0,1,16,13.16376781463623,3.788405656814575,512,512
eflm,quad,4.0,1,16,13.342218399047852,3.828683376312256,512,512
eflm,quad,8.0,1,16,13.417019844055176,3.8673644065856934,512,512
eflm,quad,16.0,1,16,13.468559265136719,3.8747570514678955,512,512
eflm,quad,32.0,1,16,13.621335983276367,3.922391653060913,512,512
eflm,quad,0.25,1,64,11.46473217010498,3.7860536575317383,512,512
eflm,quad,0.5,1,64,11.348982810974121,3.7905609607696533,512,512
eflm,quad,1.0,1,64,11.510028839111328,3.790158748626709,512,512
eflm,quad,2.0,1,64,11.372499465942383,3.802304983139038,512,512
eflm,quad,4.0,1,64,11.445911407470703,3.8164632320404053,512,512
eflm,quad,8.0,1,64,11.366484642028809,3.830273389816284,512,512
eflm,quad,16.0,1,64,11.157242774963379,3.8448293209075928,512,512
eflm,quad,32.0,1,64,11.041647911071777,3.876129388809204,512,512
eflm,sqrt,0.25,1,4,33.6273307800293,3.584906578063965,512,512
eflm,sqrt,0.25,2,4,31.678190231323242,3.582798719406128,512,512
eflm,sqrt,0.25,3,4,38.377593994140625,3.3817331790924072,512,512
eflm,sqrt,0.5,1,4,36.885494232177734,3.6779141426086426,512,512
eflm,sqrt,0.5,2,4,34.87335968017578,3.6766152381896973,512,512
eflm,sqrt,0.5,3,4,39.373878479003906,3.535869836807251,512,512
eflm,sqrt,1.0,1,4,43.80756759643555,3.787388324737549,512,512
eflm,sqrt,1.0,2,4,42.5163459777832,3.793048143386841,512,512
eflm,sqrt,1.0,3,4,44.58274841308594,3.680192470550537,512,512
eflm,sqrt,2.0,1,4,69.1338119506836,3.9142839908599854,512,512
eflm,sqrt,2.0,2,4,69.34191131591797,3.9332146644592285,512,512
eflm,sqrt,2.0,3,4,68.14503479003906,3.827024459838867,512,512
eflm,sqrt,4.0,1,4,144.29336547851562,4.1005120277404785,512,512
eflm,sqrt,4.0,2,4,148.85208129882812,4.081606864929199,512,512
eflm,sqrt,4.0,3,4,140.41909790039062,3.9665780067443848,512,512
eflm,sqrt,8.0,1,4,390.6940002441406,3.95070481300354,512,512
eflm,sqrt,8.0,2,4,727.4555053710938,3.825897693634033,512,512
eflm,sqrt,8.0,3,4,457.0612487792969,4.138879299163818,512,512
eflm,sqrt,16.0,1,4,13735.5068359375,3.2571630477905273,512,512
eflm,sqrt,16.0,2,4,5305.427734375,4.5770158767700195,512,512
eflm,sqrt,16.0,3,4,25828.408203125,3.8879270553588867,512,512
eflm,sqrt,32.0,1,4,6770.3154296875,4.635236740112305,512,512
eflm,sqrt,32.0,2,4,5984.1572265625,5.072521686553955,512,512
eflm,sqrt,32.0,3,4,19087.421875,4.986392974853516,512,512
eflm,sqrt,0.25,1,8,15.932792663574219,3.7467541694641113,512,512
eflm,sqrt,0.25,2,8,14.816411972045898,3.759071111679077,512,512
eflm,sqrt,0.25,3,8,17.60611915588379,3.6686618328094482,512,512
eflm,sqrt,0.5,1,8,16.22356605529785,3.790241003036499,512,512
eflm,sqrt,0.5,2,8,15.161589622497559,3.8103690147399902,512,512
eflm,sqrt,0.5,3,8,17.154930114746094,3.7356321811676025,512,512
eflm,sqrt,1.0,1,8,16.628414154052734,3.8534634113311768,512,512
eflm,sqrt,1.0,2,8,15.87722110748291,3.8700997829437256,512,512
eflm,sqrt,1.0,3,8,17.29690933227539,3.8143553733825684,512,512
eflm,sqrt,2.0,1,8,19.0567684173584,3.939502477645874,512,512
eflm,sqrt,2.0,2,8,18.197946548461914,3.9562225341796875,512,512
eflm,sqrt,2.0,3,8,19.52942657470703,3.9094369411468506,512,512
eflm,sqrt,4.0,1,8,30.823392868041992,4.110804080963135,512,512
eflm,sqrt,4.0,2,8,30.602500915527344,4.119643688201904,512,512
eflm,sqrt,4.0,3,8,30.875350952148438,4.073385238647461,512,512
eflm,sqrt,8.0,1,8,169.38504028320312,4.4056267738342285,512,512
eflm,sqrt,8.0,2,8,179.19448852539062,4.38800573348999,512,512
eflm,sqrt,8.0,3,8,158.99380493164062,4.31250524520874,512,512
eflm,sqrt,16.0,1,8,9918.037109375,4.3540778160095215,512,512
eflm,sqrt,16.0,2,8,5211.0244140625,4.783263206481934,512,512
eflm,sqrt,16.0,3,8,23187.58984375,4.417795181274414,512,512
eflm,sqrt,32.0,1,8,13692.50390625,5.372786998748779,512,512
eflm,sqrt,32.0,2,8,15729.5859375,5.382309913635254,512,512
eflm,sqrt,32.0,3,8,9889.380859375,5.3172287940979,512,512
eflm,sqrt,0.25,1,16,12.419096946716309,3.7832610607147217,512,512
eflm,sqrt,0.5,1,16,12.128181457519531,3.800539493560791,512,512
eflm,sqrt,0.5,2,16,11.680310249328613,3.8297526836395264,512,512
eflm,sqrt,0.5,3,16,12.522805213928223,3.790478467941284,512,512
eflm,sqrt,1.0,1,16,12.009596824645996,3.8423426151275635,512,512
eflm,sqrt,1.0,2,16,11.698156356811523,3.8722927570343018,512,512
eflm,sqrt,1.0,3,16,12.325013160705566,3.8268015384674072,512,512
eflm,sqrt,2.0,1,16,11.949070930480957,3.893533945083618,512,512
eflm,sqrt,2.0,2,16,11.696571350097656,3.921034812927246,512,512
eflm,sqrt,2.0,3,16,12.210051536560059,3.883509397506714,512,512
eflm,sqrt,4.0,1,16,13.080806732177734,3.9749667644500732,512,512
eflm,sqrt,4.0,2,16,13.027213096618652,4.008554935455322,512,512
eflm,sqrt,4.0,3,16,13.115545272827148,3.959866762161255,512,512
eflm,sqrt,8.0,1,16,19.71242904663086,4.157013416290283,512,512
eflm,sqrt,8.0,2,16,19.322372436523438,4.171480178833008,512,512
eflm,sqrt,8.0,3,16,18.83759117126465,4.119607448577881,512,512
eflm,sqrt,16.0,1,16,135.3609161376953,4.525772571563721,512,512
eflm,sqrt,16.0,2,16,142.76803588867188,4.510321140289307,512,512
eflm,sqrt,16.0,3,16,126.60283660888672,4.463345050811768,512,512
eflm,sqrt,32.0,1,16,5264.40673828125,4.7967424392700195,512,512
eflm,sqrt,32.0,2,16,6977.53173828125,5.199489116668701,512,512
eflm,sqrt,32.0,3,16,17312.19921875,5.083446025848389,512,512
eflm,sqrt,64.0,1,16,14580.9765625,5.3915181159973145,512,512
eflm,sqrt,64.0,2,16,16030.4189453125,5.3908867835998535,512,512
eflm,sqrt,64.0,3,16,9408.6923828125,5.323974132537842,512,512
eflm,sqrt,0.5,1,32,11.154340744018555,3.8185882568359375,512,512
eflm,sqrt,0.5,2,32,10.558513641357422,3.8451950550079346,512,512
eflm,sqrt,0.5,3,32,11.285265922546387,3.8019702434539795,512,512
eflm,sqrt,1.0,1,32,10.930215835571289,3.8469302654266357,512,512
eflm,sqrt,1.0,2,32,10.417536735534668,3.8705942630767822,512,512
eflm,sqrt,1.0,3,32,10.82945442199707,3.8326401710510254,512,512
eflm,sqrt,2.0,1,32,10.532852172851562,3.8819761276245117,512,512
eflm,sqrt,2.0,2,32,10.232707023620605,3.909166097640991,512,512
eflm,sqrt,2.0,3,32,10.668793678283691,3.8727364540100098,512,512
eflm,sqrt,4.0,1,32,10.639180183410645,3.9492392539978027,512,512
eflm,sqrt,4.0,2,32,10.387063026428223,3.965157985687256,512,512
eflm,sqrt,4.0,3,32,10.461681365966797,3.920283079147339,512,512
eflm,sqrt,8.0,1,32,11.68798542022705,4.044515132904053,512,512
eflm,sqrt,8.0,2,32,11.218708038330078,4.041490077972412,512,512
eflm,sqrt,8.0,3,32,11.413962364196777,4.013827800750732,512,512
eflm,sqrt,16.0,1,32,15.860081672668457,4.197979927062988,512,512
eflm,sqrt,16.0,2,32,15.64162826538086,4.199737548828125,512,512
eflm,sqrt,16.0,3,32,15.158784866333008,4.153059959411621,512,512
eflm,sqrt,32.0,1,32,107.60271453857422,4.566961765289307,512,512
eflm,sqrt,32.0,2,32,113.98538208007812,4.558384895324707,512,512
eflm,sqrt,32.0,3,32,98.90888977050781,4.512145519256592,512,512
eflm,sqrt,64.0,1,32,14308.4892578125,5.3890061378479,512,512
eflm,sqrt,64.0,2,32,16112.5556640625,5.396895885467529,512,512
eflm,sqrt,64.0,3,32,9602.3720703125,5.328544616699219,512,512
eflm,sqrt,0.25,1,64,10.892366409301758,3.8118176460266113,512,512
eflm,sqrt,0.5,1,64,10.613472938537598,3.8261611461639404,512,512
eflm,sqrt,1.0,1,64,10.387591361999512,3.8513622283935547,512,512
eflm,sqrt,1.0,2,64,9.90218448638916,3.874326229095459,512,512
eflm,sqrt,1.0,3,64,10.186647415161133,3.8296005725860596,512,512
eflm,sqrt,2.0,1,64,9.909099578857422,3.8793599605560303,512,512
eflm,sqrt,2.0,2,64,9.608643531799316,3.9012534618377686,512,512
eflm,sqrt,2.0,3,64,9.831409454345703,3.862128257751465,512,512
eflm,sqrt,4.0,1,64,9.58224868774414,3.921161651611328,512,512
eflm,sqrt,4.0,2,64,9.491467475891113,3.950732469558716,512,512
eflm,sqrt,4.0,3,64,9.617167472839355,3.9084951877593994,512,512
eflm,sqrt,8.0,1,64,9.886176109313965,3.9854657649993896,512,512
eflm,sqrt,8.0,2,64,9.732712745666504,4.008575439453125,512,512
eflm,sqrt,8.0,3,64,9.713754653930664,3.974560022354126,512,512
eflm,sqrt,16.0,1,64,10.964545249938965,4.081588268280029,512,512
eflm,sqrt,16.0,2,64,10.740005493164062,4.109870433807373,512,512
eflm,sqrt,16.0,3,64,10.639314651489258,4.057823657989502,512,512
eflm,sqrt,32.0,1,64,14.229931831359863,4.220215797424316,512,512
eflm,sqrt,32.0,2,64,14.125409126281738,4.228437423706055,512,512
eflm,sqrt,32.0,3,64,13.51101016998291,4.177515983581543,512,512
eflm,sqrt,64.0,1,64,92.12525177001953,4.577699184417725,512,512
eflm,sqrt,64.0,2,64,97.23371124267578,4.5667219161987305,512,512
eflm,sqrt,64.0,3,64,82.88212585449219,4.527075290679932,512,512
eflm,sqrt,128.0,1,64,14304.99609375,5.391563415527344,512,512
eflm,sqrt,128.0,2,64,16010.9677734375,5.399305820465088,512,512
eflm,sqrt,128.0,3,64,9277.703125,5.323541641235352,512,512
eflm,sqrt,1.0,1,128,10.007363319396973,3.8514790534973145,512,512
eflm,sqrt,1.0,2,128,9.684173583984375,3.8639185428619385,512,512
eflm,sqrt,1.0,3,128,10.022919654846191,3.8309273719787598,512,512
eflm,sqrt,2.0,1,128,9.605916023254395,3.874582290649414,512,512
eflm,sqrt,2.0,2,128,9.36470890045166,3.894627332687378,512,512
eflm,sqrt,2.0,3,128,9.651111602783203,3.861677408218384,512,512
eflm,sqrt,4.0,1,128,9.312129020690918,3.920302629470825,512,512
eflm,sqrt,4.0,2,128,9.119264602661133,3.9369919300079346,512,512
eflm,sqrt,4.0,3,128,9.3429536819458,3.9108376502990723,512,512
eflm,sqrt,8.0,1,128,9.538596153259277,3.9838008880615234,512,512
eflm,sqrt,8.0,2,128,9.401801109313965,3.997446060180664,512,512
eflm,sqrt,8.0,3,128,9.279987335205078,3.965660333633423,512,512
eflm,sqrt,16.0,1,128,9.750682830810547,4.049096584320068,512,512
eflm,sqrt,16.0,2,128,9.658507347106934,4.0636162757873535,512,512
eflm,sqrt,16.0,3,128,9.642742156982422,4.028268814086914,512,512
eflm,sqrt,32.0,1,128,10.425880432128906,4.123743534088135,512,512
eflm,sqrt,32.0,2,128,10.291849136352539,4.1362080574035645,512,512
eflm,sqrt,32.0,3,128,10.2230224609375,4.093891143798828,512,512
eflm,sqrt,64.0,1,128,12.894148826599121,4.227024078369141,512,512
eflm,sqrt,64.0,2,128,12.91545295715332,4.234428405761719,512,512
eflm,sqrt,64.0,3,128,12.361163139343262,4.185413837432861,512,512
eflm,sqrt,128.0,1,128,82.06481170654297,4.571063995361328,512,512
eflm,sqrt,128.0,2,128,88.4809341430664,4.561694145202637,512,512
eflm,sqrt,128.0,3,128,71.61193084716797,4.524524688720703,512,512
eflm,sqrt,1.0,1,256,9.94942855834961,3.8515467643737793,512,512
eflm,sqrt,1.0,2,256,9.641448020935059,3.8801822662353516,512,512
eflm,sqrt,1.0,3,256,10.034671783447266,3.8463475704193115,512,512
eflm,sqrt,2.0,1,256,9.609033584594727,3.8775904178619385,512,512
eflm,sqrt,2.0,2,256,9.340283393859863,3.8976850509643555,512,512
eflm,sqrt,2.0,3,256,9.560945510864258,3.8673274517059326,512,512
eflm,sqrt,4.0,1,256,9.31076431274414,3.9184749126434326,512,512
eflm,sqrt,4.0,2,256,9.131247520446777,3.937345266342163,512,512
eflm,sqrt,4.0,3,256,9.268580436706543,3.9102232456207275,512,512
eflm,sqrt,8.0,1,256,9.26077651977539,3.9735703468322754,512,512
eflm,sqrt,8.0,2,256,9.178400039672852,4.000165939331055,512,512
eflm,sqrt,8.0,3,256,9.181472778320312,3.963238000869751,512,512
eflm,sqrt,16.0,1,256,9.31322193145752,4.024338245391846,512,512
eflm,sqrt,16.0,2,256,9.2269287109375,4.049002647399902,512,512
eflm,sqrt,16.0,3,256,9.342466354370117,4.019069194793701,512,512
eflm,sqrt,32.0,1,256,9.47480297088623,4.086612701416016,512,512
eflm,sqrt,32.0,2,256,9.473274230957031,4.111419677734375,512,512
eflm,sqrt,32.0,3,256,9.504010200500488,4.072567939758301,512,512
eflm,sqrt,64.0,1,256,9.998744010925293,4.134765625,512,512
eflm,sqrt,64.0,2,256,9.978877067565918,4.147613525390625,512,512
eflm,sqrt,64.0,3,256,9.778264999389648,4.105739593505859,512,512
eflm,sqrt,128.0,1,256,12.270358085632324,4.237226486206055,512,512
eflm,sqrt,128.0,2,256,12.043001174926758,4.235257148742676,512,512
eflm,sqrt,128.0,3,256,11.59267807006836,4.189925193786621,512,512
sfm,,nan,1,1,21.160383224487305,0.04568858817219734,1,512
sfm,,nan,2,1,21.160383224487305,0.04568858817219734,1,512
sfm,,nan,3,1,21.160383224487305,0.04568858817219734,1,512
sfm,,nan,1,4,30.757427215576172,3.8165273666381836,512,512
sfm,,nan,2,4,33.82559585571289,3.6985526084899902,512,512
sfm,,nan,3,4,31.420255661010742,3.796832323074341,512,512
sfm,,nan,1,8,18.02065086364746,3.9296278953552246,512,512
sfm,,nan,2,8,19.081817626953125,3.863581418991089,512,512
sfm,,nan,3,8,17.924713134765625,3.887558937072754,512,512
sfm,,nan,1,16,14.418572425842285,3.9661612510681152,512,512
sfm,,nan,2,16,14.81863784790039,3.9037365913391113,512,512
sfm,,nan,3,16,14.250295639038086,3.9261951446533203,512,512
sfm,,nan,1,32,12.911896705627441,3.975831985473633,512,512
sfm,,nan,2,32,13.279895782470703,3.9231584072113037,512,512
sfm,,nan,3,32,12.925670623779297,3.9449965953826904,512,512
sfm,,nan,1,64,12.154854774475098,3.9865622520446777,512,512
sfm,,nan,2,64,12.53727912902832,3.936189889907837,512,512
sfm,,nan,3,64,12.123960494995117,3.9508683681488037,512,512
sfm,,nan,1,128,11.81247329711914,3.9929256439208984,512,512
sfm,,nan,2,128,12.042943954467773,3.938206911087036,512,512
sfm,,nan,3,128,11.772863388061523,3.958064556121826,512,512
sfm,,nan,1,256,11.606882095336914,3.99800968170166,512,512
sfm,,nan,2,256,11.8226900100708,3.9416792392730713,512,512
sfm,,nan,3,256,11.56612777709961,3.9569151401519775,512,512
